geography,geo_level,province,census_year,religion_label_source,religion_label_normalised,count
VANUATU,nation,,2009,Total,total,234023
VANUATU,nation,,2009,Anglican,anglican,35256
VANUATU,nation,,2009,Presbyterian,presbyterian,65345
VANUATU,nation,,2009,Catholic,catholic,28933
VANUATU,nation,,2009,SDA,seventh_day_adventist,29251
VANUATU,nation,,2009,Church of Christ,church_of_christ,10593
VANUATU,nation,,2009,AOG,assemblies_of_god,11078
VANUATU,nation,,2009,NTM,neil_thomas_ministry,7223
VANUATU,nation,,2009,Apostolic,apostolic,5231
VANUATU,nation,,2009,Others,other,29475
VANUATU,nation,,2009,Customary beliefs,customary_beliefs,8600
VANUATU,nation,,2009,No religion,no_religion,2554
VANUATU,nation,,2009,Refuse to answer,refuse_to_answer,484
URBAN,urban_rural_total,,2009,Total,total,57195
URBAN,urban_rural_total,,2009,Anglican,anglican,5760
URBAN,urban_rural_total,,2009,Presbyterian,presbyterian,16535
URBAN,urban_rural_total,,2009,Catholic,catholic,7687
URBAN,urban_rural_total,,2009,SDA,seventh_day_adventist,9562
URBAN,urban_rural_total,,2009,Church of Christ,church_of_christ,2624
URBAN,urban_rural_total,,2009,AOG,assemblies_of_god,2993
URBAN,urban_rural_total,,2009,NTM,neil_thomas_ministry,1972
URBAN,urban_rural_total,,2009,Apostolic,apostolic,1159
URBAN,urban_rural_total,,2009,Others,other,7395
URBAN,urban_rural_total,,2009,Customary beliefs,customary_beliefs,481
URBAN,urban_rural_total,,2009,No religion,no_religion,806
URBAN,urban_rural_total,,2009,Refuse to answer,refuse_to_answer,221
Port Vila,urban_municipality,,2009,Total,total,44039
Port Vila,urban_municipality,,2009,Anglican,anglican,3721
Port Vila,urban_municipality,,2009,Presbyterian,presbyterian,14011
Port Vila,urban_municipality,,2009,Catholic,catholic,5616
Port Vila,urban_municipality,,2009,SDA,seventh_day_adventist,7045
Port Vila,urban_municipality,,2009,Church of Christ,church_of_christ,1836
Port Vila,urban_municipality,,2009,AOG,assemblies_of_god,2345
Port Vila,urban_municipality,,2009,NTM,neil_thomas_ministry,1600
Port Vila,urban_municipality,,2009,Apostolic,apostolic,909
Port Vila,urban_municipality,,2009,Others,other,5660
Port Vila,urban_municipality,,2009,Customary beliefs,customary_beliefs,416
Port Vila,urban_municipality,,2009,No religion,no_religion,698
Port Vila,urban_municipality,,2009,Refuse to answer,refuse_to_answer,182
Luganville,urban_municipality,,2009,Total,total,13156
Luganville,urban_municipality,,2009,Anglican,anglican,2039
Luganville,urban_municipality,,2009,Presbyterian,presbyterian,2524
Luganville,urban_municipality,,2009,Catholic,catholic,2071
Luganville,urban_municipality,,2009,SDA,seventh_day_adventist,2517
Luganville,urban_municipality,,2009,Church of Christ,church_of_christ,788
Luganville,urban_municipality,,2009,AOG,assemblies_of_god,648
Luganville,urban_municipality,,2009,NTM,neil_thomas_ministry,372
Luganville,urban_municipality,,2009,Apostolic,apostolic,250
Luganville,urban_municipality,,2009,Others,other,1735
Luganville,urban_municipality,,2009,Customary beliefs,customary_beliefs,65
Luganville,urban_municipality,,2009,No religion,no_religion,108
Luganville,urban_municipality,,2009,Refuse to answer,refuse_to_answer,39
RURAL,urban_rural_total,,2009,Total,total,176828
RURAL,urban_rural_total,,2009,Anglican,anglican,29496
RURAL,urban_rural_total,,2009,Presbyterian,presbyterian,48810
RURAL,urban_rural_total,,2009,Catholic,catholic,21246
RURAL,urban_rural_total,,2009,SDA,seventh_day_adventist,19689
RURAL,urban_rural_total,,2009,Church of Christ,church_of_christ,7969
RURAL,urban_rural_total,,2009,AOG,assemblies_of_god,8085
RURAL,urban_rural_total,,2009,NTM,neil_thomas_ministry,5251
RURAL,urban_rural_total,,2009,Apostolic,apostolic,4072
RURAL,urban_rural_total,,2009,Others,other,22080
RURAL,urban_rural_total,,2009,Customary beliefs,customary_beliefs,8119
RURAL,urban_rural_total,,2009,No religion,no_religion,1748
RURAL,urban_rural_total,,2009,Refuse to answer,refuse_to_answer,263
TORBA,province,Torba,2009,Total,total,9359
TORBA,province,Torba,2009,Anglican,anglican,7173
TORBA,province,Torba,2009,Presbyterian,presbyterian,48
TORBA,province,Torba,2009,Catholic,catholic,33
TORBA,province,Torba,2009,SDA,seventh_day_adventist,484
TORBA,province,Torba,2009,Church of Christ,church_of_christ,32
TORBA,province,Torba,2009,AOG,assemblies_of_god,459
TORBA,province,Torba,2009,NTM,neil_thomas_ministry,288
TORBA,province,Torba,2009,Apostolic,apostolic,11
TORBA,province,Torba,2009,Others,other,799
TORBA,province,Torba,2009,Customary beliefs,customary_beliefs,25
TORBA,province,Torba,2009,No religion,no_religion,1
TORBA,province,Torba,2009,Refuse to answer,refuse_to_answer,6
Gaua,island,Torba,2009,Total,total,2491
Gaua,island,Torba,2009,Anglican,anglican,1742
Gaua,island,Torba,2009,Presbyterian,presbyterian,5
Gaua,island,Torba,2009,Catholic,catholic,3
Gaua,island,Torba,2009,SDA,seventh_day_adventist,164
Gaua,island,Torba,2009,Church of Christ,church_of_christ,9
Gaua,island,Torba,2009,AOG,assemblies_of_god,88
Gaua,island,Torba,2009,NTM,neil_thomas_ministry,135
Gaua,island,Torba,2009,Apostolic,apostolic,9
Gaua,island,Torba,2009,Others,other,328
Gaua,island,Torba,2009,Customary beliefs,customary_beliefs,3
Gaua,island,Torba,2009,No religion,no_religion,1
Gaua,island,Torba,2009,Refuse to answer,refuse_to_answer,4
Hiu,island,Torba,2009,Total,total,269
Hiu,island,Torba,2009,Anglican,anglican,260
Hiu,island,Torba,2009,Presbyterian,presbyterian,1
Hiu,island,Torba,2009,Catholic,catholic,0
Hiu,island,Torba,2009,SDA,seventh_day_adventist,0
Hiu,island,Torba,2009,Church of Christ,church_of_christ,0
Hiu,island,Torba,2009,AOG,assemblies_of_god,0
Hiu,island,Torba,2009,NTM,neil_thomas_ministry,4
Hiu,island,Torba,2009,Apostolic,apostolic,0
Hiu,island,Torba,2009,Others,other,4
Hiu,island,Torba,2009,Customary beliefs,customary_beliefs,0
Hiu,island,Torba,2009,No religion,no_religion,0
Hiu,island,Torba,2009,Refuse to answer,refuse_to_answer,0
Kwakea,island,Torba,2009,Total,total,26
Kwakea,island,Torba,2009,Anglican,anglican,26
Kwakea,island,Torba,2009,Presbyterian,presbyterian,0
Kwakea,island,Torba,2009,Catholic,catholic,0
Kwakea,island,Torba,2009,SDA,seventh_day_adventist,0
Kwakea,island,Torba,2009,Church of Christ,church_of_christ,0
Kwakea,island,Torba,2009,AOG,assemblies_of_god,0
Kwakea,island,Torba,2009,NTM,neil_thomas_ministry,0
Kwakea,island,Torba,2009,Apostolic,apostolic,0
Kwakea,island,Torba,2009,Others,other,0
Kwakea,island,Torba,2009,Customary beliefs,customary_beliefs,0
Kwakea,island,Torba,2009,No religion,no_religion,0
Kwakea,island,Torba,2009,Refuse to answer,refuse_to_answer,0
Loh,island,Torba,2009,Total,total,210
Loh,island,Torba,2009,Anglican,anglican,206
Loh,island,Torba,2009,Presbyterian,presbyterian,0
Loh,island,Torba,2009,Catholic,catholic,1
Loh,island,Torba,2009,SDA,seventh_day_adventist,3
Loh,island,Torba,2009,Church of Christ,church_of_christ,0
Loh,island,Torba,2009,AOG,assemblies_of_god,0
Loh,island,Torba,2009,NTM,neil_thomas_ministry,0
Loh,island,Torba,2009,Apostolic,apostolic,0
Loh,island,Torba,2009,Others,other,0
Loh,island,Torba,2009,Customary beliefs,customary_beliefs,0
Loh,island,Torba,2009,No religion,no_religion,0
Loh,island,Torba,2009,Refuse to answer,refuse_to_answer,0
Merelava,island,Torba,2009,Total,total,647
Merelava,island,Torba,2009,Anglican,anglican,501
Merelava,island,Torba,2009,Presbyterian,presbyterian,0
Merelava,island,Torba,2009,Catholic,catholic,9
Merelava,island,Torba,2009,SDA,seventh_day_adventist,1
Merelava,island,Torba,2009,Church of Christ,church_of_christ,17
Merelava,island,Torba,2009,AOG,assemblies_of_god,0
Merelava,island,Torba,2009,NTM,neil_thomas_ministry,74
Merelava,island,Torba,2009,Apostolic,apostolic,0
Merelava,island,Torba,2009,Others,other,45
Merelava,island,Torba,2009,Customary beliefs,customary_beliefs,0
Merelava,island,Torba,2009,No religion,no_religion,0
Merelava,island,Torba,2009,Refuse to answer,refuse_to_answer,0
Merig,island,Torba,2009,Total,total,12
Merig,island,Torba,2009,Anglican,anglican,10
Merig,island,Torba,2009,Presbyterian,presbyterian,0
Merig,island,Torba,2009,Catholic,catholic,0
Merig,island,Torba,2009,SDA,seventh_day_adventist,0
Merig,island,Torba,2009,Church of Christ,church_of_christ,2
Merig,island,Torba,2009,AOG,assemblies_of_god,0
Merig,island,Torba,2009,NTM,neil_thomas_ministry,0
Merig,island,Torba,2009,Apostolic,apostolic,0
Merig,island,Torba,2009,Others,other,0
Merig,island,Torba,2009,Customary beliefs,customary_beliefs,0
Merig,island,Torba,2009,No religion,no_religion,0
Merig,island,Torba,2009,Refuse to answer,refuse_to_answer,0
Metoma,island,Torba,2009,Total,total,13
Metoma,island,Torba,2009,Anglican,anglican,13
Metoma,island,Torba,2009,Presbyterian,presbyterian,0
Metoma,island,Torba,2009,Catholic,catholic,0
Metoma,island,Torba,2009,SDA,seventh_day_adventist,0
Metoma,island,Torba,2009,Church of Christ,church_of_christ,0
Metoma,island,Torba,2009,AOG,assemblies_of_god,0
Metoma,island,Torba,2009,NTM,neil_thomas_ministry,0
Metoma,island,Torba,2009,Apostolic,apostolic,0
Metoma,island,Torba,2009,Others,other,0
Metoma,island,Torba,2009,Customary beliefs,customary_beliefs,0
Metoma,island,Torba,2009,No religion,no_religion,0
Metoma,island,Torba,2009,Refuse to answer,refuse_to_answer,0
Mota,island,Torba,2009,Total,total,683
Mota,island,Torba,2009,Anglican,anglican,607
Mota,island,Torba,2009,Presbyterian,presbyterian,0
Mota,island,Torba,2009,Catholic,catholic,2
Mota,island,Torba,2009,SDA,seventh_day_adventist,9
Mota,island,Torba,2009,Church of Christ,church_of_christ,0
Mota,island,Torba,2009,AOG,assemblies_of_god,65
Mota,island,Torba,2009,NTM,neil_thomas_ministry,0
Mota,island,Torba,2009,Apostolic,apostolic,0
Mota,island,Torba,2009,Others,other,0
Mota,island,Torba,2009,Customary beliefs,customary_beliefs,0
Mota,island,Torba,2009,No religion,no_religion,0
Mota,island,Torba,2009,Refuse to answer,refuse_to_answer,0
Motalava,island,Torba,2009,Total,total,1451
Motalava,island,Torba,2009,Anglican,anglican,771
Motalava,island,Torba,2009,Presbyterian,presbyterian,13
Motalava,island,Torba,2009,Catholic,catholic,4
Motalava,island,Torba,2009,SDA,seventh_day_adventist,143
Motalava,island,Torba,2009,Church of Christ,church_of_christ,1
Motalava,island,Torba,2009,AOG,assemblies_of_god,136
Motalava,island,Torba,2009,NTM,neil_thomas_ministry,6
Motalava,island,Torba,2009,Apostolic,apostolic,1
Motalava,island,Torba,2009,Others,other,361
Motalava,island,Torba,2009,Customary beliefs,customary_beliefs,13
Motalava,island,Torba,2009,No religion,no_religion,0
Motalava,island,Torba,2009,Refuse to answer,refuse_to_answer,2
Rah,island,Torba,2009,Total,total,189
Rah,island,Torba,2009,Anglican,anglican,78
Rah,island,Torba,2009,Presbyterian,presbyterian,0
Rah,island,Torba,2009,Catholic,catholic,0
Rah,island,Torba,2009,SDA,seventh_day_adventist,18
Rah,island,Torba,2009,Church of Christ,church_of_christ,0
Rah,island,Torba,2009,AOG,assemblies_of_god,66
Rah,island,Torba,2009,NTM,neil_thomas_ministry,0
Rah,island,Torba,2009,Apostolic,apostolic,0
Rah,island,Torba,2009,Others,other,27
Rah,island,Torba,2009,Customary beliefs,customary_beliefs,0
Rah,island,Torba,2009,No religion,no_religion,0
Rah,island,Torba,2009,Refuse to answer,refuse_to_answer,0
Tegua,island,Torba,2009,Total,total,58
Tegua,island,Torba,2009,Anglican,anglican,58
Tegua,island,Torba,2009,Presbyterian,presbyterian,0
Tegua,island,Torba,2009,Catholic,catholic,0
Tegua,island,Torba,2009,SDA,seventh_day_adventist,0
Tegua,island,Torba,2009,Church of Christ,church_of_christ,0
Tegua,island,Torba,2009,AOG,assemblies_of_god,0
Tegua,island,Torba,2009,NTM,neil_thomas_ministry,0
Tegua,island,Torba,2009,Apostolic,apostolic,0
Tegua,island,Torba,2009,Others,other,0
Tegua,island,Torba,2009,Customary beliefs,customary_beliefs,0
Tegua,island,Torba,2009,No religion,no_religion,0
Tegua,island,Torba,2009,Refuse to answer,refuse_to_answer,0
Toga,island,Torba,2009,Total,total,276
Toga,island,Torba,2009,Anglican,anglican,276
Toga,island,Torba,2009,Presbyterian,presbyterian,0
Toga,island,Torba,2009,Catholic,catholic,0
Toga,island,Torba,2009,SDA,seventh_day_adventist,0
Toga,island,Torba,2009,Church of Christ,church_of_christ,0
Toga,island,Torba,2009,AOG,assemblies_of_god,0
Toga,island,Torba,2009,NTM,neil_thomas_ministry,0
Toga,island,Torba,2009,Apostolic,apostolic,0
Toga,island,Torba,2009,Others,other,0
Toga,island,Torba,2009,Customary beliefs,customary_beliefs,0
Toga,island,Torba,2009,No religion,no_religion,0
Toga,island,Torba,2009,Refuse to answer,refuse_to_answer,0
Ureparapara,island,Torba,2009,Total,total,437
Ureparapara,island,Torba,2009,Anglican,anglican,399
Ureparapara,island,Torba,2009,Presbyterian,presbyterian,0
Ureparapara,island,Torba,2009,Catholic,catholic,0
Ureparapara,island,Torba,2009,SDA,seventh_day_adventist,14
Ureparapara,island,Torba,2009,Church of Christ,church_of_christ,0
Ureparapara,island,Torba,2009,AOG,assemblies_of_god,0
Ureparapara,island,Torba,2009,NTM,neil_thomas_ministry,19
Ureparapara,island,Torba,2009,Apostolic,apostolic,0
Ureparapara,island,Torba,2009,Others,other,5
Ureparapara,island,Torba,2009,Customary beliefs,customary_beliefs,0
Ureparapara,island,Torba,2009,No religion,no_religion,0
Ureparapara,island,Torba,2009,Refuse to answer,refuse_to_answer,0
Vanualava,island,Torba,2009,Total,total,2597
Vanualava,island,Torba,2009,Anglican,anglican,2226
Vanualava,island,Torba,2009,Presbyterian,presbyterian,29
Vanualava,island,Torba,2009,Catholic,catholic,14
Vanualava,island,Torba,2009,SDA,seventh_day_adventist,132
Vanualava,island,Torba,2009,Church of Christ,church_of_christ,3
Vanualava,island,Torba,2009,AOG,assemblies_of_god,104
Vanualava,island,Torba,2009,NTM,neil_thomas_ministry,50
Vanualava,island,Torba,2009,Apostolic,apostolic,1
Vanualava,island,Torba,2009,Others,other,29
Vanualava,island,Torba,2009,Customary beliefs,customary_beliefs,9
Vanualava,island,Torba,2009,No religion,no_religion,0
Vanualava,island,Torba,2009,Refuse to answer,refuse_to_answer,0
SANMA,province,Sanma,2009,Total,total,45855
SANMA,province,Sanma,2009,Anglican,anglican,5848
SANMA,province,Sanma,2009,Presbyterian,presbyterian,12561
SANMA,province,Sanma,2009,Catholic,catholic,5715
SANMA,province,Sanma,2009,SDA,seventh_day_adventist,6045
SANMA,province,Sanma,2009,Church of Christ,church_of_christ,2259
SANMA,province,Sanma,2009,AOG,assemblies_of_god,1802
SANMA,province,Sanma,2009,NTM,neil_thomas_ministry,1296
SANMA,province,Sanma,2009,Apostolic,apostolic,1694
SANMA,province,Sanma,2009,Others,other,7227
SANMA,province,Sanma,2009,Customary beliefs,customary_beliefs,812
SANMA,province,Sanma,2009,No religion,no_religion,485
SANMA,province,Sanma,2009,Refuse to answer,refuse_to_answer,111
Aore,island,Sanma,2009,Total,total,556
Aore,island,Sanma,2009,Anglican,anglican,20
Aore,island,Sanma,2009,Presbyterian,presbyterian,255
Aore,island,Sanma,2009,Catholic,catholic,9
Aore,island,Sanma,2009,SDA,seventh_day_adventist,223
Aore,island,Sanma,2009,Church of Christ,church_of_christ,5
Aore,island,Sanma,2009,AOG,assemblies_of_god,0
Aore,island,Sanma,2009,NTM,neil_thomas_ministry,6
Aore,island,Sanma,2009,Apostolic,apostolic,6
Aore,island,Sanma,2009,Others,other,23
Aore,island,Sanma,2009,Customary beliefs,customary_beliefs,9
Aore,island,Sanma,2009,No religion,no_religion,0
Aore,island,Sanma,2009,Refuse to answer,refuse_to_answer,0
Araki,island,Sanma,2009,Total,total,140
Araki,island,Sanma,2009,Anglican,anglican,0
Araki,island,Sanma,2009,Presbyterian,presbyterian,140
Araki,island,Sanma,2009,Catholic,catholic,0
Araki,island,Sanma,2009,SDA,seventh_day_adventist,0
Araki,island,Sanma,2009,Church of Christ,church_of_christ,0
Araki,island,Sanma,2009,AOG,assemblies_of_god,0
Araki,island,Sanma,2009,NTM,neil_thomas_ministry,0
Araki,island,Sanma,2009,Apostolic,apostolic,0
Araki,island,Sanma,2009,Others,other,0
Araki,island,Sanma,2009,Customary beliefs,customary_beliefs,0
Araki,island,Sanma,2009,No religion,no_religion,0
Araki,island,Sanma,2009,Refuse to answer,refuse_to_answer,0
Bokissa,island,Sanma,2009,Total,total,56
Bokissa,island,Sanma,2009,Anglican,anglican,4
Bokissa,island,Sanma,2009,Presbyterian,presbyterian,7
Bokissa,island,Sanma,2009,Catholic,catholic,0
Bokissa,island,Sanma,2009,SDA,seventh_day_adventist,0
Bokissa,island,Sanma,2009,Church of Christ,church_of_christ,17
Bokissa,island,Sanma,2009,AOG,assemblies_of_god,0
Bokissa,island,Sanma,2009,NTM,neil_thomas_ministry,0
Bokissa,island,Sanma,2009,Apostolic,apostolic,0
Bokissa,island,Sanma,2009,Others,other,11
Bokissa,island,Sanma,2009,Customary beliefs,customary_beliefs,0
Bokissa,island,Sanma,2009,No religion,no_religion,17
Bokissa,island,Sanma,2009,Refuse to answer,refuse_to_answer,0
Malo,island,Sanma,2009,Total,total,4279
Malo,island,Sanma,2009,Anglican,anglican,334
Malo,island,Sanma,2009,Presbyterian,presbyterian,1150
Malo,island,Sanma,2009,Catholic,catholic,150
Malo,island,Sanma,2009,SDA,seventh_day_adventist,934
Malo,island,Sanma,2009,Church of Christ,church_of_christ,422
Malo,island,Sanma,2009,AOG,assemblies_of_god,451
Malo,island,Sanma,2009,NTM,neil_thomas_ministry,3
Malo,island,Sanma,2009,Apostolic,apostolic,193
Malo,island,Sanma,2009,Others,other,523
Malo,island,Sanma,2009,Customary beliefs,customary_beliefs,19
Malo,island,Sanma,2009,No religion,no_religion,95
Malo,island,Sanma,2009,Refuse to answer,refuse_to_answer,5
Malokilikili,island,Sanma,2009,Total,total,13
Malokilikili,island,Sanma,2009,Anglican,anglican,0
Malokilikili,island,Sanma,2009,Presbyterian,presbyterian,0
Malokilikili,island,Sanma,2009,Catholic,catholic,13
Malokilikili,island,Sanma,2009,SDA,seventh_day_adventist,0
Malokilikili,island,Sanma,2009,Church of Christ,church_of_christ,0
Malokilikili,island,Sanma,2009,AOG,assemblies_of_god,0
Malokilikili,island,Sanma,2009,NTM,neil_thomas_ministry,0
Malokilikili,island,Sanma,2009,Apostolic,apostolic,0
Malokilikili,island,Sanma,2009,Others,other,0
Malokilikili,island,Sanma,2009,Customary beliefs,customary_beliefs,0
Malokilikili,island,Sanma,2009,No religion,no_religion,0
Malokilikili,island,Sanma,2009,Refuse to answer,refuse_to_answer,0
Mavea,island,Sanma,2009,Total,total,207
Mavea,island,Sanma,2009,Anglican,anglican,2
Mavea,island,Sanma,2009,Presbyterian,presbyterian,6
Mavea,island,Sanma,2009,Catholic,catholic,1
Mavea,island,Sanma,2009,SDA,seventh_day_adventist,134
Mavea,island,Sanma,2009,Church of Christ,church_of_christ,54
Mavea,island,Sanma,2009,AOG,assemblies_of_god,0
Mavea,island,Sanma,2009,NTM,neil_thomas_ministry,0
Mavea,island,Sanma,2009,Apostolic,apostolic,3
Mavea,island,Sanma,2009,Others,other,6
Mavea,island,Sanma,2009,Customary beliefs,customary_beliefs,1
Mavea,island,Sanma,2009,No religion,no_religion,0
Mavea,island,Sanma,2009,Refuse to answer,refuse_to_answer,0
Santo,island,Sanma,2009,Total,total,39601
Santo,island,Sanma,2009,Anglican,anglican,5434
Santo,island,Sanma,2009,Presbyterian,presbyterian,10507
Santo,island,Sanma,2009,Catholic,catholic,5542
Santo,island,Sanma,2009,SDA,seventh_day_adventist,4702
Santo,island,Sanma,2009,Church of Christ,church_of_christ,1521
Santo,island,Sanma,2009,AOG,assemblies_of_god,1348
Santo,island,Sanma,2009,NTM,neil_thomas_ministry,1285
Santo,island,Sanma,2009,Apostolic,apostolic,1422
Santo,island,Sanma,2009,Others,other,6578
Santo,island,Sanma,2009,Customary beliefs,customary_beliefs,783
Santo,island,Sanma,2009,No religion,no_religion,373
Santo,island,Sanma,2009,Refuse to answer,refuse_to_answer,106
Tangoa,island,Sanma,2009,Total,total,394
Tangoa,island,Sanma,2009,Anglican,anglican,45
Tangoa,island,Sanma,2009,Presbyterian,presbyterian,349
Tangoa,island,Sanma,2009,Catholic,catholic,0
Tangoa,island,Sanma,2009,SDA,seventh_day_adventist,0
Tangoa,island,Sanma,2009,Church of Christ,church_of_christ,0
Tangoa,island,Sanma,2009,AOG,assemblies_of_god,0
Tangoa,island,Sanma,2009,NTM,neil_thomas_ministry,0
Tangoa,island,Sanma,2009,Apostolic,apostolic,0
Tangoa,island,Sanma,2009,Others,other,0
Tangoa,island,Sanma,2009,Customary beliefs,customary_beliefs,0
Tangoa,island,Sanma,2009,No religion,no_religion,0
Tangoa,island,Sanma,2009,Refuse to answer,refuse_to_answer,0
Tutuba,island,Sanma,2009,Total,total,609
Tutuba,island,Sanma,2009,Anglican,anglican,9
Tutuba,island,Sanma,2009,Presbyterian,presbyterian,147
Tutuba,island,Sanma,2009,Catholic,catholic,0
Tutuba,island,Sanma,2009,SDA,seventh_day_adventist,52
Tutuba,island,Sanma,2009,Church of Christ,church_of_christ,240
Tutuba,island,Sanma,2009,AOG,assemblies_of_god,3
Tutuba,island,Sanma,2009,NTM,neil_thomas_ministry,2
Tutuba,island,Sanma,2009,Apostolic,apostolic,70
Tutuba,island,Sanma,2009,Others,other,86
Tutuba,island,Sanma,2009,Customary beliefs,customary_beliefs,0
Tutuba,island,Sanma,2009,No religion,no_religion,0
Tutuba,island,Sanma,2009,Refuse to answer,refuse_to_answer,0
PENAMA,province,Penama,2009,Total,total,30819
PENAMA,province,Penama,2009,Anglican,anglican,14263
PENAMA,province,Penama,2009,Presbyterian,presbyterian,162
PENAMA,province,Penama,2009,Catholic,catholic,5640
PENAMA,province,Penama,2009,SDA,seventh_day_adventist,2122
PENAMA,province,Penama,2009,Church of Christ,church_of_christ,4977
PENAMA,province,Penama,2009,AOG,assemblies_of_god,201
PENAMA,province,Penama,2009,NTM,neil_thomas_ministry,409
PENAMA,province,Penama,2009,Apostolic,apostolic,919
PENAMA,province,Penama,2009,Others,other,1294
PENAMA,province,Penama,2009,Customary beliefs,customary_beliefs,643
PENAMA,province,Penama,2009,No religion,no_religion,167
PENAMA,province,Penama,2009,Refuse to answer,refuse_to_answer,22
Ambae,island,Penama,2009,Total,total,10407
Ambae,island,Penama,2009,Anglican,anglican,4100
Ambae,island,Penama,2009,Presbyterian,presbyterian,89
Ambae,island,Penama,2009,Catholic,catholic,727
Ambae,island,Penama,2009,SDA,seventh_day_adventist,1513
Ambae,island,Penama,2009,Church of Christ,church_of_christ,2093
Ambae,island,Penama,2009,AOG,assemblies_of_god,176
Ambae,island,Penama,2009,NTM,neil_thomas_ministry,126
Ambae,island,Penama,2009,Apostolic,apostolic,888
Ambae,island,Penama,2009,Others,other,663
Ambae,island,Penama,2009,Customary beliefs,customary_beliefs,16
Ambae,island,Penama,2009,No religion,no_religion,2
Ambae,island,Penama,2009,Refuse to answer,refuse_to_answer,14
Maewo,island,Penama,2009,Total,total,3569
Maewo,island,Penama,2009,Anglican,anglican,2604
Maewo,island,Penama,2009,Presbyterian,presbyterian,7
Maewo,island,Penama,2009,Catholic,catholic,8
Maewo,island,Penama,2009,SDA,seventh_day_adventist,221
Maewo,island,Penama,2009,Church of Christ,church_of_christ,623
Maewo,island,Penama,2009,AOG,assemblies_of_god,1
Maewo,island,Penama,2009,NTM,neil_thomas_ministry,2
Maewo,island,Penama,2009,Apostolic,apostolic,19
Maewo,island,Penama,2009,Others,other,84
Maewo,island,Penama,2009,Customary beliefs,customary_beliefs,0
Maewo,island,Penama,2009,No religion,no_religion,0
Maewo,island,Penama,2009,Refuse to answer,refuse_to_answer,0
Pentecost,island,Penama,2009,Total,total,16843
Pentecost,island,Penama,2009,Anglican,anglican,7559
Pentecost,island,Penama,2009,Presbyterian,presbyterian,66
Pentecost,island,Penama,2009,Catholic,catholic,4905
Pentecost,island,Penama,2009,SDA,seventh_day_adventist,388
Pentecost,island,Penama,2009,Church of Christ,church_of_christ,2261
Pentecost,island,Penama,2009,AOG,assemblies_of_god,24
Pentecost,island,Penama,2009,NTM,neil_thomas_ministry,281
Pentecost,island,Penama,2009,Apostolic,apostolic,12
Pentecost,island,Penama,2009,Others,other,547
Pentecost,island,Penama,2009,Customary beliefs,customary_beliefs,627
Pentecost,island,Penama,2009,No religion,no_religion,165
Pentecost,island,Penama,2009,Refuse to answer,refuse_to_answer,8
MALAMPA,province,Malampa,2009,Total,total,36727
MALAMPA,province,Malampa,2009,Anglican,anglican,1162
MALAMPA,province,Malampa,2009,Presbyterian,presbyterian,15494
MALAMPA,province,Malampa,2009,Catholic,catholic,7221
MALAMPA,province,Malampa,2009,SDA,seventh_day_adventist,5771
MALAMPA,province,Malampa,2009,Church of Christ,church_of_christ,462
MALAMPA,province,Malampa,2009,AOG,assemblies_of_god,1305
MALAMPA,province,Malampa,2009,NTM,neil_thomas_ministry,1323
MALAMPA,province,Malampa,2009,Apostolic,apostolic,453
MALAMPA,province,Malampa,2009,Others,other,3450
MALAMPA,province,Malampa,2009,Customary beliefs,customary_beliefs,44
MALAMPA,province,Malampa,2009,No religion,no_religion,37
MALAMPA,province,Malampa,2009,Refuse to answer,refuse_to_answer,5
Akhamb,island,Malampa,2009,Total,total,646
Akhamb,island,Malampa,2009,Anglican,anglican,31
Akhamb,island,Malampa,2009,Presbyterian,presbyterian,554
Akhamb,island,Malampa,2009,Catholic,catholic,0
Akhamb,island,Malampa,2009,SDA,seventh_day_adventist,22
Akhamb,island,Malampa,2009,Church of Christ,church_of_christ,0
Akhamb,island,Malampa,2009,AOG,assemblies_of_god,0
Akhamb,island,Malampa,2009,NTM,neil_thomas_ministry,2
Akhamb,island,Malampa,2009,Apostolic,apostolic,6
Akhamb,island,Malampa,2009,Others,other,24
Akhamb,island,Malampa,2009,Customary beliefs,customary_beliefs,5
Akhamb,island,Malampa,2009,No religion,no_religion,0
Akhamb,island,Malampa,2009,Refuse to answer,refuse_to_answer,2
Ambrym,island,Malampa,2009,Total,total,7275
Ambrym,island,Malampa,2009,Anglican,anglican,190
Ambrym,island,Malampa,2009,Presbyterian,presbyterian,3167
Ambrym,island,Malampa,2009,Catholic,catholic,1415
Ambrym,island,Malampa,2009,SDA,seventh_day_adventist,1503
Ambrym,island,Malampa,2009,Church of Christ,church_of_christ,39
Ambrym,island,Malampa,2009,AOG,assemblies_of_god,115
Ambrym,island,Malampa,2009,NTM,neil_thomas_ministry,370
Ambrym,island,Malampa,2009,Apostolic,apostolic,145
Ambrym,island,Malampa,2009,Others,other,321
Ambrym,island,Malampa,2009,Customary beliefs,customary_beliefs,7
Ambrym,island,Malampa,2009,No religion,no_religion,3
Ambrym,island,Malampa,2009,Refuse to answer,refuse_to_answer,0
Atchin,island,Malampa,2009,Total,total,738
Atchin,island,Malampa,2009,Anglican,anglican,12
Atchin,island,Malampa,2009,Presbyterian,presbyterian,105
Atchin,island,Malampa,2009,Catholic,catholic,163
Atchin,island,Malampa,2009,SDA,seventh_day_adventist,354
Atchin,island,Malampa,2009,Church of Christ,church_of_christ,4
Atchin,island,Malampa,2009,AOG,assemblies_of_god,86
Atchin,island,Malampa,2009,NTM,neil_thomas_ministry,0
Atchin,island,Malampa,2009,Apostolic,apostolic,0
Atchin,island,Malampa,2009,Others,other,14
Atchin,island,Malampa,2009,Customary beliefs,customary_beliefs,0
Atchin,island,Malampa,2009,No religion,no_religion,0
Atchin,island,Malampa,2009,Refuse to answer,refuse_to_answer,0
Avock,island,Malampa,2009,Total,total,181
Avock,island,Malampa,2009,Anglican,anglican,12
Avock,island,Malampa,2009,Presbyterian,presbyterian,169
Avock,island,Malampa,2009,Catholic,catholic,0
Avock,island,Malampa,2009,SDA,seventh_day_adventist,0
Avock,island,Malampa,2009,Church of Christ,church_of_christ,0
Avock,island,Malampa,2009,AOG,assemblies_of_god,0
Avock,island,Malampa,2009,NTM,neil_thomas_ministry,0
Avock,island,Malampa,2009,Apostolic,apostolic,0
Avock,island,Malampa,2009,Others,other,0
Avock,island,Malampa,2009,Customary beliefs,customary_beliefs,0
Avock,island,Malampa,2009,No religion,no_religion,0
Avock,island,Malampa,2009,Refuse to answer,refuse_to_answer,0
Khoti (Sakao),island,Malampa,2009,Total,total,14
Khoti (Sakao),island,Malampa,2009,Anglican,anglican,1
Khoti (Sakao),island,Malampa,2009,Presbyterian,presbyterian,11
Khoti (Sakao),island,Malampa,2009,Catholic,catholic,2
Khoti (Sakao),island,Malampa,2009,SDA,seventh_day_adventist,0
Khoti (Sakao),island,Malampa,2009,Church of Christ,church_of_christ,0
Khoti (Sakao),island,Malampa,2009,AOG,assemblies_of_god,0
Khoti (Sakao),island,Malampa,2009,NTM,neil_thomas_ministry,0
Khoti (Sakao),island,Malampa,2009,Apostolic,apostolic,0
Khoti (Sakao),island,Malampa,2009,Others,other,0
Khoti (Sakao),island,Malampa,2009,Customary beliefs,customary_beliefs,0
Khoti (Sakao),island,Malampa,2009,No religion,no_religion,0
Khoti (Sakao),island,Malampa,2009,Refuse to answer,refuse_to_answer,0
Malekula,island,Malampa,2009,Total,total,22902
Malekula,island,Malampa,2009,Anglican,anglican,786
Malekula,island,Malampa,2009,Presbyterian,presbyterian,8901
Malekula,island,Malampa,2009,Catholic,catholic,4601
Malekula,island,Malampa,2009,SDA,seventh_day_adventist,3371
Malekula,island,Malampa,2009,Church of Christ,church_of_christ,336
Malekula,island,Malampa,2009,AOG,assemblies_of_god,977
Malekula,island,Malampa,2009,NTM,neil_thomas_ministry,722
Malekula,island,Malampa,2009,Apostolic,apostolic,239
Malekula,island,Malampa,2009,Others,other,2908
Malekula,island,Malampa,2009,Customary beliefs,customary_beliefs,26
Malekula,island,Malampa,2009,No religion,no_religion,34
Malekula,island,Malampa,2009,Refuse to answer,refuse_to_answer,1
Uliveo,island,Malampa,2009,Total,total,1021
Uliveo,island,Malampa,2009,Anglican,anglican,42
Uliveo,island,Malampa,2009,Presbyterian,presbyterian,909
Uliveo,island,Malampa,2009,Catholic,catholic,1
Uliveo,island,Malampa,2009,SDA,seventh_day_adventist,52
Uliveo,island,Malampa,2009,Church of Christ,church_of_christ,0
Uliveo,island,Malampa,2009,AOG,assemblies_of_god,7
Uliveo,island,Malampa,2009,NTM,neil_thomas_ministry,3
Uliveo,island,Malampa,2009,Apostolic,apostolic,1
Uliveo,island,Malampa,2009,Others,other,6
Uliveo,island,Malampa,2009,Customary beliefs,customary_beliefs,0
Uliveo,island,Malampa,2009,No religion,no_religion,0
Uliveo,island,Malampa,2009,Refuse to answer,refuse_to_answer,0
Lembong,island,Malampa,2009,Total,total,60
Lembong,island,Malampa,2009,Anglican,anglican,1
Lembong,island,Malampa,2009,Presbyterian,presbyterian,59
Lembong,island,Malampa,2009,Catholic,catholic,0
Lembong,island,Malampa,2009,SDA,seventh_day_adventist,0
Lembong,island,Malampa,2009,Church of Christ,church_of_christ,0
Lembong,island,Malampa,2009,AOG,assemblies_of_god,0
Lembong,island,Malampa,2009,NTM,neil_thomas_ministry,0
Lembong,island,Malampa,2009,Apostolic,apostolic,0
Lembong,island,Malampa,2009,Others,other,0
Lembong,island,Malampa,2009,Customary beliefs,customary_beliefs,0
Lembong,island,Malampa,2009,No religion,no_religion,0
Lembong,island,Malampa,2009,Refuse to answer,refuse_to_answer,0
Norsup,island,Malampa,2009,Total,total,88
Norsup,island,Malampa,2009,Anglican,anglican,2
Norsup,island,Malampa,2009,Presbyterian,presbyterian,62
Norsup,island,Malampa,2009,Catholic,catholic,0
Norsup,island,Malampa,2009,SDA,seventh_day_adventist,1
Norsup,island,Malampa,2009,Church of Christ,church_of_christ,21
Norsup,island,Malampa,2009,AOG,assemblies_of_god,2
Norsup,island,Malampa,2009,NTM,neil_thomas_ministry,0
Norsup,island,Malampa,2009,Apostolic,apostolic,0
Norsup,island,Malampa,2009,Others,other,0
Norsup,island,Malampa,2009,Customary beliefs,customary_beliefs,0
Norsup,island,Malampa,2009,No religion,no_religion,0
Norsup,island,Malampa,2009,Refuse to answer,refuse_to_answer,0
Paama,island,Malampa,2009,Total,total,1627
Paama,island,Malampa,2009,Anglican,anglican,32
Paama,island,Malampa,2009,Presbyterian,presbyterian,994
Paama,island,Malampa,2009,Catholic,catholic,6
Paama,island,Malampa,2009,SDA,seventh_day_adventist,315
Paama,island,Malampa,2009,Church of Christ,church_of_christ,9
Paama,island,Malampa,2009,AOG,assemblies_of_god,82
Paama,island,Malampa,2009,NTM,neil_thomas_ministry,141
Paama,island,Malampa,2009,Apostolic,apostolic,25
Paama,island,Malampa,2009,Others,other,21
Paama,island,Malampa,2009,Customary beliefs,customary_beliefs,2
Paama,island,Malampa,2009,No religion,no_religion,0
Paama,island,Malampa,2009,Refuse to answer,refuse_to_answer,0
Ranro,island,Malampa,2009,Total,total,304
Ranro,island,Malampa,2009,Anglican,anglican,2
Ranro,island,Malampa,2009,Presbyterian,presbyterian,110
Ranro,island,Malampa,2009,Catholic,catholic,55
Ranro,island,Malampa,2009,SDA,seventh_day_adventist,28
Ranro,island,Malampa,2009,Church of Christ,church_of_christ,0
Ranro,island,Malampa,2009,AOG,assemblies_of_god,36
Ranro,island,Malampa,2009,NTM,neil_thomas_ministry,0
Ranro,island,Malampa,2009,Apostolic,apostolic,36
Ranro,island,Malampa,2009,Others,other,37
Ranro,island,Malampa,2009,Customary beliefs,customary_beliefs,0
Ranro,island,Malampa,2009,No religion,no_religion,0
Ranro,island,Malampa,2009,Refuse to answer,refuse_to_answer,0
Tomman,island,Malampa,2009,Total,total,290
Tomman,island,Malampa,2009,Anglican,anglican,1
Tomman,island,Malampa,2009,Presbyterian,presbyterian,99
Tomman,island,Malampa,2009,Catholic,catholic,10
Tomman,island,Malampa,2009,SDA,seventh_day_adventist,83
Tomman,island,Malampa,2009,Church of Christ,church_of_christ,39
Tomman,island,Malampa,2009,AOG,assemblies_of_god,0
Tomman,island,Malampa,2009,NTM,neil_thomas_ministry,0
Tomman,island,Malampa,2009,Apostolic,apostolic,1
Tomman,island,Malampa,2009,Others,other,53
Tomman,island,Malampa,2009,Customary beliefs,customary_beliefs,4
Tomman,island,Malampa,2009,No religion,no_religion,0
Tomman,island,Malampa,2009,Refuse to answer,refuse_to_answer,0
Uri,island,Malampa,2009,Total,total,29
Uri,island,Malampa,2009,Anglican,anglican,0
Uri,island,Malampa,2009,Presbyterian,presbyterian,24
Uri,island,Malampa,2009,Catholic,catholic,0
Uri,island,Malampa,2009,SDA,seventh_day_adventist,5
Uri,island,Malampa,2009,Church of Christ,church_of_christ,0
Uri,island,Malampa,2009,AOG,assemblies_of_god,0
Uri,island,Malampa,2009,NTM,neil_thomas_ministry,0
Uri,island,Malampa,2009,Apostolic,apostolic,0
Uri,island,Malampa,2009,Others,other,0
Uri,island,Malampa,2009,Customary beliefs,customary_beliefs,0
Uri,island,Malampa,2009,No religion,no_religion,0
Uri,island,Malampa,2009,Refuse to answer,refuse_to_answer,0
Uripiv,island,Malampa,2009,Total,total,384
Uripiv,island,Malampa,2009,Anglican,anglican,27
Uripiv,island,Malampa,2009,Presbyterian,presbyterian,185
Uripiv,island,Malampa,2009,Catholic,catholic,0
Uripiv,island,Malampa,2009,SDA,seventh_day_adventist,12
Uripiv,island,Malampa,2009,Church of Christ,church_of_christ,12
Uripiv,island,Malampa,2009,AOG,assemblies_of_god,0
Uripiv,island,Malampa,2009,NTM,neil_thomas_ministry,85
Uripiv,island,Malampa,2009,Apostolic,apostolic,0
Uripiv,island,Malampa,2009,Others,other,62
Uripiv,island,Malampa,2009,Customary beliefs,customary_beliefs,0
Uripiv,island,Malampa,2009,No religion,no_religion,0
Uripiv,island,Malampa,2009,Refuse to answer,refuse_to_answer,1
Vao,island,Malampa,2009,Total,total,898
Vao,island,Malampa,2009,Anglican,anglican,17
Vao,island,Malampa,2009,Presbyterian,presbyterian,9
Vao,island,Malampa,2009,Catholic,catholic,859
Vao,island,Malampa,2009,SDA,seventh_day_adventist,12
Vao,island,Malampa,2009,Church of Christ,church_of_christ,0
Vao,island,Malampa,2009,AOG,assemblies_of_god,0
Vao,island,Malampa,2009,NTM,neil_thomas_ministry,0
Vao,island,Malampa,2009,Apostolic,apostolic,0
Vao,island,Malampa,2009,Others,other,0
Vao,island,Malampa,2009,Customary beliefs,customary_beliefs,0
Vao,island,Malampa,2009,No religion,no_religion,0
Vao,island,Malampa,2009,Refuse to answer,refuse_to_answer,1
Wala,island,Malampa,2009,Total,total,270
Wala,island,Malampa,2009,Anglican,anglican,6
Wala,island,Malampa,2009,Presbyterian,presbyterian,136
Wala,island,Malampa,2009,Catholic,catholic,109
Wala,island,Malampa,2009,SDA,seventh_day_adventist,13
Wala,island,Malampa,2009,Church of Christ,church_of_christ,2
Wala,island,Malampa,2009,AOG,assemblies_of_god,0
Wala,island,Malampa,2009,NTM,neil_thomas_ministry,0
Wala,island,Malampa,2009,Apostolic,apostolic,0
Wala,island,Malampa,2009,Others,other,4
Wala,island,Malampa,2009,Customary beliefs,customary_beliefs,0
Wala,island,Malampa,2009,No religion,no_religion,0
Wala,island,Malampa,2009,Refuse to answer,refuse_to_answer,0
SHEFA,province,Shefa,2009,Total,total,78723
SHEFA,province,Shefa,2009,Anglican,anglican,5639
SHEFA,province,Shefa,2009,Presbyterian,presbyterian,29705
SHEFA,province,Shefa,2009,Catholic,catholic,7193
SHEFA,province,Shefa,2009,SDA,seventh_day_adventist,11140
SHEFA,province,Shefa,2009,Church of Christ,church_of_christ,2390
SHEFA,province,Shefa,2009,AOG,assemblies_of_god,4842
SHEFA,province,Shefa,2009,NTM,neil_thomas_ministry,3104
SHEFA,province,Shefa,2009,Apostolic,apostolic,1545
SHEFA,province,Shefa,2009,Others,other,11201
SHEFA,province,Shefa,2009,Customary beliefs,customary_beliefs,810
SHEFA,province,Shefa,2009,No religion,no_religion,926
SHEFA,province,Shefa,2009,Refuse to answer,refuse_to_answer,228
Buninga,island,Shefa,2009,Total,total,128
Buninga,island,Shefa,2009,Anglican,anglican,2
Buninga,island,Shefa,2009,Presbyterian,presbyterian,18
Buninga,island,Shefa,2009,Catholic,catholic,0
Buninga,island,Shefa,2009,SDA,seventh_day_adventist,108
Buninga,island,Shefa,2009,Church of Christ,church_of_christ,0
Buninga,island,Shefa,2009,AOG,assemblies_of_god,0
Buninga,island,Shefa,2009,NTM,neil_thomas_ministry,0
Buninga,island,Shefa,2009,Apostolic,apostolic,0
Buninga,island,Shefa,2009,Others,other,0
Buninga,island,Shefa,2009,Customary beliefs,customary_beliefs,0
Buninga,island,Shefa,2009,No religion,no_religion,0
Buninga,island,Shefa,2009,Refuse to answer,refuse_to_answer,0
Efate,island,Shefa,2009,Total,total,65734
Efate,island,Shefa,2009,Anglican,anglican,5227
Efate,island,Shefa,2009,Presbyterian,presbyterian,22363
Efate,island,Shefa,2009,Catholic,catholic,7058
Efate,island,Shefa,2009,SDA,seventh_day_adventist,9411
Efate,island,Shefa,2009,Church of Christ,church_of_christ,2292
Efate,island,Shefa,2009,AOG,assemblies_of_god,4042
Efate,island,Shefa,2009,NTM,neil_thomas_ministry,2862
Efate,island,Shefa,2009,Apostolic,apostolic,1426
Efate,island,Shefa,2009,Others,other,9224
Efate,island,Shefa,2009,Customary beliefs,customary_beliefs,714
Efate,island,Shefa,2009,No religion,no_religion,902
Efate,island,Shefa,2009,Refuse to answer,refuse_to_answer,213
Emae,island,Shefa,2009,Total,total,743
Emae,island,Shefa,2009,Anglican,anglican,9
Emae,island,Shefa,2009,Presbyterian,presbyterian,438
Emae,island,Shefa,2009,Catholic,catholic,1
Emae,island,Shefa,2009,SDA,seventh_day_adventist,35
Emae,island,Shefa,2009,Church of Christ,church_of_christ,11
Emae,island,Shefa,2009,AOG,assemblies_of_god,70
Emae,island,Shefa,2009,NTM,neil_thomas_ministry,8
Emae,island,Shefa,2009,Apostolic,apostolic,0
Emae,island,Shefa,2009,Others,other,171
Emae,island,Shefa,2009,Customary beliefs,customary_beliefs,0
Emae,island,Shefa,2009,No religion,no_religion,0
Emae,island,Shefa,2009,Refuse to answer,refuse_to_answer,0
Emau,island,Shefa,2009,Total,total,602
Emau,island,Shefa,2009,Anglican,anglican,70
Emau,island,Shefa,2009,Presbyterian,presbyterian,371
Emau,island,Shefa,2009,Catholic,catholic,0
Emau,island,Shefa,2009,SDA,seventh_day_adventist,21
Emau,island,Shefa,2009,Church of Christ,church_of_christ,30
Emau,island,Shefa,2009,AOG,assemblies_of_god,0
Emau,island,Shefa,2009,NTM,neil_thomas_ministry,1
Emau,island,Shefa,2009,Apostolic,apostolic,0
Emau,island,Shefa,2009,Others,other,104
Emau,island,Shefa,2009,Customary beliefs,customary_beliefs,5
Emau,island,Shefa,2009,No religion,no_religion,0
Emau,island,Shefa,2009,Refuse to answer,refuse_to_answer,0
Epi,island,Shefa,2009,Total,total,5207
Epi,island,Shefa,2009,Anglican,anglican,123
Epi,island,Shefa,2009,Presbyterian,presbyterian,2740
Epi,island,Shefa,2009,Catholic,catholic,44
Epi,island,Shefa,2009,SDA,seventh_day_adventist,1233
Epi,island,Shefa,2009,Church of Christ,church_of_christ,29
Epi,island,Shefa,2009,AOG,assemblies_of_god,345
Epi,island,Shefa,2009,NTM,neil_thomas_ministry,35
Epi,island,Shefa,2009,Apostolic,apostolic,67
Epi,island,Shefa,2009,Others,other,573
Epi,island,Shefa,2009,Customary beliefs,customary_beliefs,16
Epi,island,Shefa,2009,No religion,no_religion,1
Epi,island,Shefa,2009,Refuse to answer,refuse_to_answer,1
Ifira,island,Shefa,2009,Total,total,811
Ifira,island,Shefa,2009,Anglican,anglican,18
Ifira,island,Shefa,2009,Presbyterian,presbyterian,413
Ifira,island,Shefa,2009,Catholic,catholic,13
Ifira,island,Shefa,2009,SDA,seventh_day_adventist,28
Ifira,island,Shefa,2009,Church of Christ,church_of_christ,22
Ifira,island,Shefa,2009,AOG,assemblies_of_god,265
Ifira,island,Shefa,2009,NTM,neil_thomas_ministry,12
Ifira,island,Shefa,2009,Apostolic,apostolic,10
Ifira,island,Shefa,2009,Others,other,14
Ifira,island,Shefa,2009,Customary beliefs,customary_beliefs,0
Ifira,island,Shefa,2009,No religion,no_religion,3
Ifira,island,Shefa,2009,Refuse to answer,refuse_to_answer,13
Iririki,island,Shefa,2009,Total,total,98
Iririki,island,Shefa,2009,Anglican,anglican,5
Iririki,island,Shefa,2009,Presbyterian,presbyterian,9
Iririki,island,Shefa,2009,Catholic,catholic,3
Iririki,island,Shefa,2009,SDA,seventh_day_adventist,2
Iririki,island,Shefa,2009,Church of Christ,church_of_christ,0
Iririki,island,Shefa,2009,AOG,assemblies_of_god,0
Iririki,island,Shefa,2009,NTM,neil_thomas_ministry,0
Iririki,island,Shefa,2009,Apostolic,apostolic,0
Iririki,island,Shefa,2009,Others,other,0
Iririki,island,Shefa,2009,Customary beliefs,customary_beliefs,65
Iririki,island,Shefa,2009,No religion,no_religion,14
Iririki,island,Shefa,2009,Refuse to answer,refuse_to_answer,0
Kakula,island,Shefa,2009,Total,total,4
Kakula,island,Shefa,2009,Anglican,anglican,0
Kakula,island,Shefa,2009,Presbyterian,presbyterian,0
Kakula,island,Shefa,2009,Catholic,catholic,0
Kakula,island,Shefa,2009,SDA,seventh_day_adventist,0
Kakula,island,Shefa,2009,Church of Christ,church_of_christ,0
Kakula,island,Shefa,2009,AOG,assemblies_of_god,0
Kakula,island,Shefa,2009,NTM,neil_thomas_ministry,0
Kakula,island,Shefa,2009,Apostolic,apostolic,4
Kakula,island,Shefa,2009,Others,other,0
Kakula,island,Shefa,2009,Customary beliefs,customary_beliefs,0
Kakula,island,Shefa,2009,No religion,no_religion,0
Kakula,island,Shefa,2009,Refuse to answer,refuse_to_answer,0
Lamen,island,Shefa,2009,Total,total,440
Lamen,island,Shefa,2009,Anglican,anglican,2
Lamen,island,Shefa,2009,Presbyterian,presbyterian,326
Lamen,island,Shefa,2009,Catholic,catholic,7
Lamen,island,Shefa,2009,SDA,seventh_day_adventist,0
Lamen,island,Shefa,2009,Church of Christ,church_of_christ,0
Lamen,island,Shefa,2009,AOG,assemblies_of_god,103
Lamen,island,Shefa,2009,NTM,neil_thomas_ministry,0
Lamen,island,Shefa,2009,Apostolic,apostolic,0
Lamen,island,Shefa,2009,Others,other,2
Lamen,island,Shefa,2009,Customary beliefs,customary_beliefs,0
Lamen,island,Shefa,2009,No religion,no_religion,0
Lamen,island,Shefa,2009,Refuse to answer,refuse_to_answer,0
Lelepa,island,Shefa,2009,Total,total,387
Lelepa,island,Shefa,2009,Anglican,anglican,1
Lelepa,island,Shefa,2009,Presbyterian,presbyterian,354
Lelepa,island,Shefa,2009,Catholic,catholic,0
Lelepa,island,Shefa,2009,SDA,seventh_day_adventist,29
Lelepa,island,Shefa,2009,Church of Christ,church_of_christ,0
Lelepa,island,Shefa,2009,AOG,assemblies_of_god,1
Lelepa,island,Shefa,2009,NTM,neil_thomas_ministry,0
Lelepa,island,Shefa,2009,Apostolic,apostolic,0
Lelepa,island,Shefa,2009,Others,other,2
Lelepa,island,Shefa,2009,Customary beliefs,customary_beliefs,0
Lelepa,island,Shefa,2009,No religion,no_religion,0
Lelepa,island,Shefa,2009,Refuse to answer,refuse_to_answer,0
Makira,island,Shefa,2009,Total,total,106
Makira,island,Shefa,2009,Anglican,anglican,0
Makira,island,Shefa,2009,Presbyterian,presbyterian,91
Makira,island,Shefa,2009,Catholic,catholic,0
Makira,island,Shefa,2009,SDA,seventh_day_adventist,0
Makira,island,Shefa,2009,Church of Christ,church_of_christ,0
Makira,island,Shefa,2009,AOG,assemblies_of_god,0
Makira,island,Shefa,2009,NTM,neil_thomas_ministry,0
Makira,island,Shefa,2009,Apostolic,apostolic,0
Makira,island,Shefa,2009,Others,other,15
Makira,island,Shefa,2009,Customary beliefs,customary_beliefs,0
Makira,island,Shefa,2009,No religion,no_religion,0
Makira,island,Shefa,2009,Refuse to answer,refuse_to_answer,0
Mataso,island,Shefa,2009,Total,total,74
Mataso,island,Shefa,2009,Anglican,anglican,0
Mataso,island,Shefa,2009,Presbyterian,presbyterian,45
Mataso,island,Shefa,2009,Catholic,catholic,0
Mataso,island,Shefa,2009,SDA,seventh_day_adventist,1
Mataso,island,Shefa,2009,Church of Christ,church_of_christ,0
Mataso,island,Shefa,2009,AOG,assemblies_of_god,0
Mataso,island,Shefa,2009,NTM,neil_thomas_ministry,0
Mataso,island,Shefa,2009,Apostolic,apostolic,0
Mataso,island,Shefa,2009,Others,other,28
Mataso,island,Shefa,2009,Customary beliefs,customary_beliefs,0
Mataso,island,Shefa,2009,No religion,no_religion,0
Mataso,island,Shefa,2009,Refuse to answer,refuse_to_answer,0
Moso,island,Shefa,2009,Total,total,237
Moso,island,Shefa,2009,Anglican,anglican,1
Moso,island,Shefa,2009,Presbyterian,presbyterian,60
Moso,island,Shefa,2009,Catholic,catholic,0
Moso,island,Shefa,2009,SDA,seventh_day_adventist,4
Moso,island,Shefa,2009,Church of Christ,church_of_christ,2
Moso,island,Shefa,2009,AOG,assemblies_of_god,0
Moso,island,Shefa,2009,NTM,neil_thomas_ministry,6
Moso,island,Shefa,2009,Apostolic,apostolic,38
Moso,island,Shefa,2009,Others,other,126
Moso,island,Shefa,2009,Customary beliefs,customary_beliefs,0
Moso,island,Shefa,2009,No religion,no_religion,0
Moso,island,Shefa,2009,Refuse to answer,refuse_to_answer,0
Nguna,island,Shefa,2009,Total,total,1255
Nguna,island,Shefa,2009,Anglican,anglican,107
Nguna,island,Shefa,2009,Presbyterian,presbyterian,858
Nguna,island,Shefa,2009,Catholic,catholic,7
Nguna,island,Shefa,2009,SDA,seventh_day_adventist,79
Nguna,island,Shefa,2009,Church of Christ,church_of_christ,0
Nguna,island,Shefa,2009,AOG,assemblies_of_god,7
Nguna,island,Shefa,2009,NTM,neil_thomas_ministry,22
Nguna,island,Shefa,2009,Apostolic,apostolic,0
Nguna,island,Shefa,2009,Others,other,172
Nguna,island,Shefa,2009,Customary beliefs,customary_beliefs,2
Nguna,island,Shefa,2009,No religion,no_religion,1
Nguna,island,Shefa,2009,Refuse to answer,refuse_to_answer,0
Pele,island,Shefa,2009,Total,total,330
Pele,island,Shefa,2009,Anglican,anglican,8
Pele,island,Shefa,2009,Presbyterian,presbyterian,199
Pele,island,Shefa,2009,Catholic,catholic,2
Pele,island,Shefa,2009,SDA,seventh_day_adventist,2
Pele,island,Shefa,2009,Church of Christ,church_of_christ,0
Pele,island,Shefa,2009,AOG,assemblies_of_god,0
Pele,island,Shefa,2009,NTM,neil_thomas_ministry,113
Pele,island,Shefa,2009,Apostolic,apostolic,0
Pele,island,Shefa,2009,Others,other,4
Pele,island,Shefa,2009,Customary beliefs,customary_beliefs,0
Pele,island,Shefa,2009,No religion,no_religion,2
Pele,island,Shefa,2009,Refuse to answer,refuse_to_answer,0
Tongariki,island,Shefa,2009,Total,total,267
Tongariki,island,Shefa,2009,Anglican,anglican,13
Tongariki,island,Shefa,2009,Presbyterian,presbyterian,107
Tongariki,island,Shefa,2009,Catholic,catholic,0
Tongariki,island,Shefa,2009,SDA,seventh_day_adventist,0
Tongariki,island,Shefa,2009,Church of Christ,church_of_christ,0
Tongariki,island,Shefa,2009,AOG,assemblies_of_god,0
Tongariki,island,Shefa,2009,NTM,neil_thomas_ministry,0
Tongariki,island,Shefa,2009,Apostolic,apostolic,0
Tongariki,island,Shefa,2009,Others,other,147
Tongariki,island,Shefa,2009,Customary beliefs,customary_beliefs,0
Tongariki,island,Shefa,2009,No religion,no_religion,0
Tongariki,island,Shefa,2009,Refuse to answer,refuse_to_answer,0
Tongoa,island,Shefa,2009,Total,total,2300
Tongoa,island,Shefa,2009,Anglican,anglican,53
Tongoa,island,Shefa,2009,Presbyterian,presbyterian,1313
Tongoa,island,Shefa,2009,Catholic,catholic,58
Tongoa,island,Shefa,2009,SDA,seventh_day_adventist,187
Tongoa,island,Shefa,2009,Church of Christ,church_of_christ,4
Tongoa,island,Shefa,2009,AOG,assemblies_of_god,9
Tongoa,island,Shefa,2009,NTM,neil_thomas_ministry,45
Tongoa,island,Shefa,2009,Apostolic,apostolic,0
Tongoa,island,Shefa,2009,Others,other,619
Tongoa,island,Shefa,2009,Customary beliefs,customary_beliefs,8
Tongoa,island,Shefa,2009,No religion,no_religion,3
Tongoa,island,Shefa,2009,Refuse to answer,refuse_to_answer,1
TAFEA,province,Tafea,2009,Total,total,32540
TAFEA,province,Tafea,2009,Anglican,anglican,1171
TAFEA,province,Tafea,2009,Presbyterian,presbyterian,7375
TAFEA,province,Tafea,2009,Catholic,catholic,3131
TAFEA,province,Tafea,2009,SDA,seventh_day_adventist,3689
TAFEA,province,Tafea,2009,Church of Christ,church_of_christ,473
TAFEA,province,Tafea,2009,AOG,assemblies_of_god,2469
TAFEA,province,Tafea,2009,NTM,neil_thomas_ministry,803
TAFEA,province,Tafea,2009,Apostolic,apostolic,609
TAFEA,province,Tafea,2009,Others,other,5504
TAFEA,province,Tafea,2009,Customary beliefs,customary_beliefs,6266
TAFEA,province,Tafea,2009,No religion,no_religion,938
TAFEA,province,Tafea,2009,Refuse to answer,refuse_to_answer,112
Aneityum,island,Tafea,2009,Total,total,915
Aneityum,island,Tafea,2009,Anglican,anglican,23
Aneityum,island,Tafea,2009,Presbyterian,presbyterian,350
Aneityum,island,Tafea,2009,Catholic,catholic,180
Aneityum,island,Tafea,2009,SDA,seventh_day_adventist,310
Aneityum,island,Tafea,2009,Church of Christ,church_of_christ,0
Aneityum,island,Tafea,2009,AOG,assemblies_of_god,52
Aneityum,island,Tafea,2009,NTM,neil_thomas_ministry,0
Aneityum,island,Tafea,2009,Apostolic,apostolic,0
Aneityum,island,Tafea,2009,Others,other,0
Aneityum,island,Tafea,2009,Customary beliefs,customary_beliefs,0
Aneityum,island,Tafea,2009,No religion,no_religion,0
Aneityum,island,Tafea,2009,Refuse to answer,refuse_to_answer,0
Aniwa,island,Tafea,2009,Total,total,341
Aniwa,island,Tafea,2009,Anglican,anglican,3
Aniwa,island,Tafea,2009,Presbyterian,presbyterian,53
Aniwa,island,Tafea,2009,Catholic,catholic,0
Aniwa,island,Tafea,2009,SDA,seventh_day_adventist,7
Aniwa,island,Tafea,2009,Church of Christ,church_of_christ,0
Aniwa,island,Tafea,2009,AOG,assemblies_of_god,0
Aniwa,island,Tafea,2009,NTM,neil_thomas_ministry,0
Aniwa,island,Tafea,2009,Apostolic,apostolic,19
Aniwa,island,Tafea,2009,Others,other,259
Aniwa,island,Tafea,2009,Customary beliefs,customary_beliefs,0
Aniwa,island,Tafea,2009,No religion,no_religion,0
Aniwa,island,Tafea,2009,Refuse to answer,refuse_to_answer,0
Erromango,island,Tafea,2009,Total,total,1959
Erromango,island,Tafea,2009,Anglican,anglican,20
Erromango,island,Tafea,2009,Presbyterian,presbyterian,716
Erromango,island,Tafea,2009,Catholic,catholic,5
Erromango,island,Tafea,2009,SDA,seventh_day_adventist,708
Erromango,island,Tafea,2009,Church of Christ,church_of_christ,9
Erromango,island,Tafea,2009,AOG,assemblies_of_god,133
Erromango,island,Tafea,2009,NTM,neil_thomas_ministry,39
Erromango,island,Tafea,2009,Apostolic,apostolic,122
Erromango,island,Tafea,2009,Others,other,194
Erromango,island,Tafea,2009,Customary beliefs,customary_beliefs,13
Erromango,island,Tafea,2009,No religion,no_religion,0
Erromango,island,Tafea,2009,Refuse to answer,refuse_to_answer,0
Futuna,island,Tafea,2009,Total,total,526
Futuna,island,Tafea,2009,Anglican,anglican,7
Futuna,island,Tafea,2009,Presbyterian,presbyterian,399
Futuna,island,Tafea,2009,Catholic,catholic,0
Futuna,island,Tafea,2009,SDA,seventh_day_adventist,0
Futuna,island,Tafea,2009,Church of Christ,church_of_christ,1
Futuna,island,Tafea,2009,AOG,assemblies_of_god,57
Futuna,island,Tafea,2009,NTM,neil_thomas_ministry,58
Futuna,island,Tafea,2009,Apostolic,apostolic,4
Futuna,island,Tafea,2009,Others,other,0
Futuna,island,Tafea,2009,Customary beliefs,customary_beliefs,0
Futuna,island,Tafea,2009,No religion,no_religion,0
Futuna,island,Tafea,2009,Refuse to answer,refuse_to_answer,0
Tanna,island,Tafea,2009,Total,total,28799
Tanna,island,Tafea,2009,Anglican,anglican,1118
Tanna,island,Tafea,2009,Presbyterian,presbyterian,5857
Tanna,island,Tafea,2009,Catholic,catholic,2946
Tanna,island,Tafea,2009,SDA,seventh_day_adventist,2664
Tanna,island,Tafea,2009,Church of Christ,church_of_christ,463
Tanna,island,Tafea,2009,AOG,assemblies_of_god,2227
Tanna,island,Tafea,2009,NTM,neil_thomas_ministry,706
Tanna,island,Tafea,2009,Apostolic,apostolic,464
Tanna,island,Tafea,2009,Others,other,5051
Tanna,island,Tafea,2009,Customary beliefs,customary_beliefs,6253
Tanna,island,Tafea,2009,No religion,no_religion,938
Tanna,island,Tafea,2009,Refuse to answer,refuse_to_answer,112
