"country_code","boundary_set_id","boundary_level","area_unit_id","area_code","area_name","year","population_total","population_total_basis","religious_affiliation_count","religious_affiliation_percent","no_religion_count","no_religion_percent","place_count","places_per_10000_residents","place_density_per_sq_km","land_area_sq_km","site_snapshot_date","place_count_basis","quality_flag","source_dataset_ids","customary_beliefs_percent","presbyterian_percent","anglican_percent","catholic_percent","seventh_day_adventist_percent"
"VU","vu-adm1-geoboundaries","province","vu-adm1-geoboundaries:VU-MAP","VU-MAP","Malampa",1967,9046,"persons aged 15+ professing adherence to a religious group (McArthur & Yaxley 1967 first-census Table A; no no-religion category, so affiliation and no-religion shares are not defined)",,,,,37,,0.0132,2799.69,"2026-06-13T05:19:31Z","current OSM amenity=place_of_worship snapshot","current_place_counts_repeated_across_census_years;religion_aged_15_plus_no_no_religion_category_1967","vu-adm1-geoboundaries|osm-vu-place-of-worship|mcarthur-yaxley-1967-census-table-a",6.02,57.57,0.51,20.57,9.97
"VU","vu-adm1-geoboundaries","province","vu-adm1-geoboundaries:VU-MAP","VU-MAP","Malampa",1999,32677,"total people with a stated religious-affiliation response (census total in private households minus refusals and not-stated)",32649,99.91,28,0.09,37,11.32,0.0132,2799.69,"2026-06-13T05:19:31Z","current OSM amenity=place_of_worship snapshot","current_place_counts_repeated_across_census_years","vu-adm1-geoboundaries|osm-vu-place-of-worship|vnso-1999-census-main-report-t2-10",0.04,47.73,1.21,21.2,14.45
"VU","vu-adm1-geoboundaries","province","vu-adm1-geoboundaries:VU-MAP","VU-MAP","Malampa",2009,36722,"total people with a stated religious-affiliation response (census total in private households minus refusals and not-stated)",36685,99.9,37,0.1,37,10.08,0.0132,2799.69,"2026-06-13T05:19:31Z","current OSM amenity=place_of_worship snapshot","current_place_counts_repeated_across_census_years","vu-adm1-geoboundaries|osm-vu-place-of-worship|vnso-2009-census-basic-tables-t3-5",0.12,42.19,3.16,19.66,15.72
"VU","vu-adm1-geoboundaries","province","vu-adm1-geoboundaries:VU-MAP","VU-MAP","Malampa",2020,41496,"total people with a stated religious-affiliation response (census total in private households minus refusals and not-stated)",41485,99.97,11,0.03,37,8.92,0.0132,2799.69,"2026-06-13T05:19:31Z","current OSM amenity=place_of_worship snapshot","current_place_counts_repeated_across_census_years;province_2020_includes_urban_derived","vu-adm1-geoboundaries|osm-vu-place-of-worship|vbos-2020-census-basic-tables-t3-5|vu-2020-province-incl-urban-derived",0.02,43.91,0.41,19.06,17.14
"VU","vu-adm1-geoboundaries","province","vu-adm1-geoboundaries:VU-PAM","VU-PAM","Penama",1967,7541,"persons aged 15+ professing adherence to a religious group (McArthur & Yaxley 1967 first-census Table A; no no-religion category, so affiliation and no-religion shares are not defined)",,,,,25,,0.0208,1200.75,"2026-06-13T05:19:31Z","current OSM amenity=place_of_worship snapshot","current_place_counts_repeated_across_census_years;religion_aged_15_plus_no_no_religion_category_1967","vu-adm1-geoboundaries|osm-vu-place-of-worship|mcarthur-yaxley-1967-census-table-a",2.85,0.89,43.1,19.1,4.27
"VU","vu-adm1-geoboundaries","province","vu-adm1-geoboundaries:VU-PAM","VU-PAM","Penama",1999,26623,"total people with a stated religious-affiliation response (census total in private households minus refusals and not-stated)",26584,99.85,39,0.15,25,9.39,0.0208,1200.75,"2026-06-13T05:19:31Z","current OSM amenity=place_of_worship snapshot","current_place_counts_repeated_across_census_years","vu-adm1-geoboundaries|osm-vu-place-of-worship|vnso-1999-census-main-report-t2-10",3.23,0.53,45.77,18.33,6.94
"VU","vu-adm1-geoboundaries","province","vu-adm1-geoboundaries:VU-PAM","VU-PAM","Penama",2009,30797,"total people with a stated religious-affiliation response (census total in private households minus refusals and not-stated)",30630,99.46,167,0.54,25,8.12,0.0208,1200.75,"2026-06-13T05:19:31Z","current OSM amenity=place_of_worship snapshot","current_place_counts_repeated_across_census_years","vu-adm1-geoboundaries|osm-vu-place-of-worship|vnso-2009-census-basic-tables-t3-5",2.09,0.53,46.31,18.31,6.89
"VU","vu-adm1-geoboundaries","province","vu-adm1-geoboundaries:VU-PAM","VU-PAM","Penama",2020,34109,"total people with a stated religious-affiliation response (census total in private households minus refusals and not-stated)",34070,99.89,39,0.11,25,7.33,0.0208,1200.75,"2026-06-13T05:19:31Z","current OSM amenity=place_of_worship snapshot","current_place_counts_repeated_across_census_years;province_2020_includes_urban_derived","vu-adm1-geoboundaries|osm-vu-place-of-worship|vbos-2020-census-basic-tables-t3-5|vu-2020-province-incl-urban-derived",2.42,0.58,44.89,21.68,5.95
"VU","vu-adm1-geoboundaries","province","vu-adm1-geoboundaries:VU-SAM","VU-SAM","Sanma",1967,6963,"persons aged 15+ professing adherence to a religious group (McArthur & Yaxley 1967 first-census Table A; no no-religion category, so affiliation and no-religion shares are not defined)",,,,,34,,0.008,4243.59,"2026-06-13T05:19:31Z","current OSM amenity=place_of_worship snapshot","current_place_counts_repeated_across_census_years;religion_aged_15_plus_no_no_religion_category_1967","vu-adm1-geoboundaries|osm-vu-place-of-worship|mcarthur-yaxley-1967-census-table-a",14.88,35.56,8.16,19.86,9.54
"VU","vu-adm1-geoboundaries","province","vu-adm1-geoboundaries:VU-SAM","VU-SAM","Sanma",1999,35222,"total people with a stated religious-affiliation response (census total in private households minus refusals and not-stated)",34817,98.85,405,1.15,34,9.65,0.008,4243.59,"2026-06-13T05:19:31Z","current OSM amenity=place_of_worship snapshot","current_place_counts_repeated_across_census_years","vu-adm1-geoboundaries|osm-vu-place-of-worship|vnso-1999-census-main-report-t2-10",2.89,34.21,9.04,14.64,12.23
"VU","vu-adm1-geoboundaries","province","vu-adm1-geoboundaries:VU-SAM","VU-SAM","Sanma",2009,45744,"total people with a stated religious-affiliation response (census total in private households minus refusals and not-stated)",45259,98.94,485,1.06,34,7.43,0.008,4243.59,"2026-06-13T05:19:31Z","current OSM amenity=place_of_worship snapshot","current_place_counts_repeated_across_census_years","vu-adm1-geoboundaries|osm-vu-place-of-worship|vnso-2009-census-basic-tables-t3-5",1.78,27.46,12.78,12.49,13.21
"VU","vu-adm1-geoboundaries","province","vu-adm1-geoboundaries:VU-SAM","VU-SAM","Sanma",2020,59584,"total people with a stated religious-affiliation response (census total in private households minus refusals and not-stated)",59109,99.2,475,0.8,34,5.71,0.008,4243.59,"2026-06-13T05:19:31Z","current OSM amenity=place_of_worship snapshot","current_place_counts_repeated_across_census_years;province_2020_includes_urban_derived","vu-adm1-geoboundaries|osm-vu-place-of-worship|vbos-2020-census-basic-tables-t3-5|vu-2020-province-incl-urban-derived",0.52,25.94,9.9,12.54,15.85
"VU","vu-adm1-geoboundaries","province","vu-adm1-geoboundaries:VU-SEE","VU-SEE","Shefa",1967,9964,"persons aged 15+ professing adherence to a religious group (McArthur & Yaxley 1967 first-census Table A; no no-religion category, so affiliation and no-religion shares are not defined)",,,,,87,,0.058,1499.76,"2026-06-13T05:19:31Z","current OSM amenity=place_of_worship snapshot","current_place_counts_repeated_across_census_years;religion_aged_15_plus_no_no_religion_category_1967","vu-adm1-geoboundaries|osm-vu-place-of-worship|mcarthur-yaxley-1967-census-table-a",0.82,73.4,3.04,15.96,2.4
"VU","vu-adm1-geoboundaries","province","vu-adm1-geoboundaries:VU-SEE","VU-SEE","Shefa",1999,53274,"total people with a stated religious-affiliation response (census total in private households minus refusals and not-stated)",52745,99.01,529,0.99,87,16.33,0.058,1499.76,"2026-06-13T05:19:31Z","current OSM amenity=place_of_worship snapshot","current_place_counts_repeated_across_census_years","vu-adm1-geoboundaries|osm-vu-place-of-worship|vnso-1999-census-main-report-t2-10",0.3,46.35,5.08,9.18,11.05
"VU","vu-adm1-geoboundaries","province","vu-adm1-geoboundaries:VU-SEE","VU-SEE","Shefa",2009,78495,"total people with a stated religious-affiliation response (census total in private households minus refusals and not-stated)",77569,98.82,926,1.18,87,11.08,0.058,1499.76,"2026-06-13T05:19:31Z","current OSM amenity=place_of_worship snapshot","current_place_counts_repeated_across_census_years","vu-adm1-geoboundaries|osm-vu-place-of-worship|vnso-2009-census-basic-tables-t3-5",1.03,37.84,7.18,9.16,14.19
"VU","vu-adm1-geoboundaries","province","vu-adm1-geoboundaries:VU-SEE","VU-SEE","Shefa",2020,102287,"total people with a stated religious-affiliation response (census total in private households minus refusals and not-stated)",101359,99.09,928,0.91,87,8.51,0.058,1499.76,"2026-06-13T05:19:31Z","current OSM amenity=place_of_worship snapshot","current_place_counts_repeated_across_census_years;province_2020_includes_urban_derived","vu-adm1-geoboundaries|osm-vu-place-of-worship|vbos-2020-census-basic-tables-t3-5|vu-2020-province-incl-urban-derived",0.17,35.44,5.09,8.57,17.62
"VU","vu-adm1-geoboundaries","province","vu-adm1-geoboundaries:VU-TAE","VU-TAE","Tafea",1967,5979,"persons aged 15+ professing adherence to a religious group (McArthur & Yaxley 1967 first-census Table A; no no-religion category, so affiliation and no-religion shares are not defined)",,,,,25,,0.0152,1640.08,"2026-06-13T05:19:31Z","current OSM amenity=place_of_worship snapshot","current_place_counts_repeated_across_census_years;religion_aged_15_plus_no_no_religion_category_1967","vu-adm1-geoboundaries|osm-vu-place-of-worship|mcarthur-yaxley-1967-census-table-a",70.01,23.77,0.23,3.03,2.56
"VU","vu-adm1-geoboundaries","province","vu-adm1-geoboundaries:VU-TAE","VU-TAE","Tafea",1999,28752,"total people with a stated religious-affiliation response (census total in private households minus refusals and not-stated)",27836,96.81,916,3.19,25,8.7,0.0152,1640.08,"2026-06-13T05:19:31Z","current OSM amenity=place_of_worship snapshot","current_place_counts_repeated_across_census_years","vu-adm1-geoboundaries|osm-vu-place-of-worship|vnso-1999-census-main-report-t2-10",28.9,21.03,0.49,9.11,10.71
"VU","vu-adm1-geoboundaries","province","vu-adm1-geoboundaries:VU-TAE","VU-TAE","Tafea",2009,32428,"total people with a stated religious-affiliation response (census total in private households minus refusals and not-stated)",31490,97.11,938,2.89,25,7.71,0.0152,1640.08,"2026-06-13T05:19:31Z","current OSM amenity=place_of_worship snapshot","current_place_counts_repeated_across_census_years","vu-adm1-geoboundaries|osm-vu-place-of-worship|vnso-2009-census-basic-tables-t3-5",19.32,22.74,3.61,9.66,11.38
"VU","vu-adm1-geoboundaries","province","vu-adm1-geoboundaries:VU-TAE","VU-TAE","Tafea",2020,44848,"total people with a stated religious-affiliation response (census total in private households minus refusals and not-stated)",42282,94.28,2566,5.72,25,5.57,0.0152,1640.08,"2026-06-13T05:19:31Z","current OSM amenity=place_of_worship snapshot","current_place_counts_repeated_across_census_years;province_2020_includes_urban_derived","vu-adm1-geoboundaries|osm-vu-place-of-worship|vbos-2020-census-basic-tables-t3-5|vu-2020-province-incl-urban-derived",17.3,22.05,0.2,8.93,14.01
"VU","vu-adm1-geoboundaries","province","vu-adm1-geoboundaries:VU-TOB","VU-TOB","Torba",1967,1910,"persons aged 15+ professing adherence to a religious group (McArthur & Yaxley 1967 first-census Table A; no no-religion category, so affiliation and no-religion shares are not defined)",,,,,1,,0.0012,857.68,"2026-06-13T05:19:31Z","current OSM amenity=place_of_worship snapshot","current_place_counts_repeated_across_census_years;religion_aged_15_plus_no_no_religion_category_1967","vu-adm1-geoboundaries|osm-vu-place-of-worship|mcarthur-yaxley-1967-census-table-a",0,0.1,99.58,0.1,0.16
"VU","vu-adm1-geoboundaries","province","vu-adm1-geoboundaries:VU-TOB","VU-TOB","Torba",1999,7756,"total people with a stated religious-affiliation response (census total in private households minus refusals and not-stated)",7754,99.97,2,0.03,1,1.29,0.0012,857.68,"2026-06-13T05:19:31Z","current OSM amenity=place_of_worship snapshot","current_place_counts_repeated_across_census_years","vu-adm1-geoboundaries|osm-vu-place-of-worship|vnso-1999-census-main-report-t2-10",0.09,0.23,83.41,0.49,2.89
"VU","vu-adm1-geoboundaries","province","vu-adm1-geoboundaries:VU-TOB","VU-TOB","Torba",2009,9353,"total people with a stated religious-affiliation response (census total in private households minus refusals and not-stated)",9352,99.99,1,0.01,1,1.07,0.0012,857.68,"2026-06-13T05:19:31Z","current OSM amenity=place_of_worship snapshot","current_place_counts_repeated_across_census_years","vu-adm1-geoboundaries|osm-vu-place-of-worship|vnso-2009-census-basic-tables-t3-5",0.27,0.51,76.69,0.35,5.17
"VU","vu-adm1-geoboundaries","province","vu-adm1-geoboundaries:VU-TOB","VU-TOB","Torba",2020,11212,"total people with a stated religious-affiliation response (census total in private households minus refusals and not-stated)",11208,99.96,4,0.04,1,0.89,0.0012,857.68,"2026-06-13T05:19:31Z","current OSM amenity=place_of_worship snapshot","current_place_counts_repeated_across_census_years;province_2020_includes_urban_derived","vu-adm1-geoboundaries|osm-vu-place-of-worship|vbos-2020-census-basic-tables-t3-5|vu-2020-province-incl-urban-derived",0.06,0.45,77.28,0.47,5.82
