field,allowed_value,meaning
source_type,osm_history,Historical OpenStreetMap evidence or extract
source_type,osm_date_tags,OpenStreetMap date tags such as start_date or old_start_date
source_type,street_imagery,Street-level imagery used for visual verification
source_type,aerial_imagery,Aerial or satellite imagery used for visual verification
source_type,field_observation,Direct field observation by an RA or project team member
source_type,charities_register,Charities Services register or related charity record
source_type,incorporated_societies,Incorporated societies register evidence
source_type,linz_building_outlines,Land Information New Zealand building outline evidence
source_type,linz_property,Land Information New Zealand property or address evidence
source_type,denominational_directory,Denominational directory or yearbook evidence
source_type,archived_website,Archived website or web page evidence
source_type,local_council,Local council register or planning evidence
source_type,heritage_list,Heritage list or protected-place evidence
source_type,other,Other source type
lifecycle_event_type,organisation_founded,Religious organisation or congregation began
lifecycle_event_type,site_opened,Worship began at the physical location
lifecycle_event_type,building_opened_or_dedicated,Building was opened or dedicated
lifecycle_event_type,first_seen,First source evidence that the place existed or was active
lifecycle_event_type,last_seen,Last source evidence that the place existed or was active
lifecycle_event_type,site_closed,Worship use ended at the physical location
lifecycle_event_type,building_demolished,Building was demolished
lifecycle_event_type,use_changed,Building remains but use changed away from worship
lifecycle_event_type,relocated,Congregation or organisation moved to another site
lifecycle_event_type,other,Other lifecycle event
lifecycle_event_type,unknown,Lifecycle event type is not clear
observation_date_basis,census_date,Observation is intended to represent census-year status
observation_date_basis,directory_year,Date comes from a directory or yearbook year
observation_date_basis,registration_date,Date comes from an organisation registration record
observation_date_basis,deregistration_date,Date comes from an organisation deregistration record
observation_date_basis,imagery_capture_date,Date comes from aerial or street imagery capture
observation_date_basis,field_observation_date,Date comes from direct field observation
observation_date_basis,osm_version_timestamp,Date comes from an OpenStreetMap object version timestamp
observation_date_basis,osm_lifecycle_tag,Date comes from an OpenStreetMap lifecycle tag
observation_date_basis,annual_return_year,Date comes from an annual return or filing year
observation_date_basis,web_archive_date,Date comes from a web archive capture date
observation_date_basis,source_publication_date,Date comes from source publication date
observation_date_basis,unknown,Date basis is not clear
date_precision,day,Exact day is known
date_precision,month,Month and year are known
date_precision,year,Only year is known
date_precision,bounded,Only a bounded or range-based date is known
date_precision,unknown,Date precision is not known
existence_status,present,Source indicates the site existed at the relevant time
existence_status,absent,Source indicates the site did not exist at the relevant time
existence_status,uncertain,Source does not clearly establish existence
worship_use_status,confirmed_worship,Source confirms worship use
worship_use_status,probable_worship,Source makes worship use probable
worship_use_status,organisation_only,Source identifies an organisation but not a worship site
worship_use_status,building_only,Source identifies a building but not worship use
worship_use_status,not_worship,Source indicates the site is not a place of worship
worship_use_status,no_building_present,No building here now: the building or site has gone; the RA may have recorded when it stood and was used
worship_use_status,uncertain,Worship use is unclear
public_access_status,public,Source indicates ordinary public access
public_access_status,private,Source indicates private or restricted access
public_access_status,unknown,Access status is unknown
site_type,place_of_worship,Generic place of worship
site_type,chapel,Chapel
site_type,church,Church
site_type,mosque,Mosque
site_type,temple,Temple
site_type,synagogue,Synagogue
site_type,marae_church,Marae church or church associated with marae
site_type,multi_use,Multi-use site
site_type,other,Other site type
site_type,unknown,Site type is unknown
purpose_code,worship,Worship use
purpose_code,community,Community use
purpose_code,education,Education use
purpose_code,social_services,Social services use
purpose_code,office,Office or administration use
purpose_code,heritage,Heritage or museum use
purpose_code,residential,Residential use
purpose_code,commercial,Commercial use
purpose_code,other,Other purpose
purpose_code,unknown,Purpose is unknown
quality_flag,osm_known_at_date,OpenStreetMap object was known at the relevant date
quality_flag,osm_lifecycle_date_used,OpenStreetMap lifecycle date was used as evidence
quality_flag,visual_confirmation,Visual evidence supports site existence or status
quality_flag,target_year_probability_estimated,Target-year status includes an explicit probability estimate
quality_flag,administrative_org_matched,Administrative organisation has been matched to a site
quality_flag,building_visible_use_unconfirmed,Building evidence exists but worship use is unconfirmed
quality_flag,directory_confirmed,Directory evidence confirms site or organisation
quality_flag,current_inventory_back_projected,Current inventory was projected back using external evidence
quality_flag,historical_address_changed,Historical address may differ from current address
quality_flag,geocoding_uncertain,Location requires geocoding review
quality_flag,needs_review,Row requires reviewer attention
quality_flag,other,Other quality flag
review_status,unreviewed,Extracted but not checked
review_status,needs_review,Requires reviewer decision
review_status,accepted,Accepted for ingestion
review_status,excluded,Excluded from ingestion
review_status,deferred,Deferred to later ingestion round
match_method,exact_identifier,Matched by exact stable identifier
match_method,osm_id,Matched by OpenStreetMap identifier
match_method,name_address,Matched by name and address
match_method,geocoded_address,Matched by geocoded address
match_method,spatial_proximity,Matched by spatial proximity
match_method,manual_review,Matched by manual review
match_method,unmatched,No candidate match found
match_confidence,high,Strong evidence for match
match_confidence,medium,Plausible match requiring normal review
match_confidence,low,Weak match requiring careful review
match_confidence,none,No match confidence assigned
geocoding_basis,source_coordinates,Coordinates are given directly by the source
geocoding_basis,historical_map,Location was inferred from a historical map
geocoding_basis,modern_geocoder,Location was inferred from a modern address geocoder
geocoding_basis,manual_match,Location was inferred by manual matching
geocoding_basis,existing_osm_site,Location was inferred from an existing OpenStreetMap site
geocoding_basis,gazetteer_or_road_rename,Location was inferred from a gazetteer or road-renaming source
geocoding_basis,property_record,Location was inferred from a property or parcel record
geocoding_basis,described_locality,Coordinates are the centre of a described locality with a recorded uncertainty radius
geocoding_basis,regional_only,Coordinates are the centre of a broad approximate area with a recorded uncertainty radius
geocoding_basis,unknown,Geocoding basis is unknown
geocoding_confidence,high,Strong evidence for coordinates or modern address
geocoding_confidence,medium,Plausible geocoding requiring normal review
geocoding_confidence,low,Weak geocoding requiring careful review
geocoding_confidence,none,No geocoding confidence assigned
visual_verification_source,osm_cartography,OpenStreetMap cartographic or object-history evidence
visual_verification_source,street_imagery,Street-level imagery
visual_verification_source,aerial_imagery,Aerial or satellite imagery
visual_verification_source,field_observation,Direct field observation
visual_verification_source,street_map,Street map or road map
visual_verification_source,historical_map,Historical map
visual_verification_source,none,No visual verification used
visual_verification_source,other,Other visual verification source
target_year_status,present,Source supports presence or active worship in the target year
target_year_status,absent,Source supports absence or non-use in the target year
target_year_status,uncertain,Source is relevant but status is unclear
target_year_status,not_assessed,Source has not been assessed for this target year
privacy_flag,clear,No obvious privacy issue in extracted fields
privacy_flag,needs_review,Potential privacy concern requires review
privacy_flag,restricted,Contains restricted or sensitive information outside public release
licence_flag,clear,Licence appears compatible with internal extraction
licence_flag,needs_review,Licence or redistribution status requires review
licence_flag,restricted,Licence restricts storage or redistribution
decision,accept,Accept the row for ingestion
decision,exclude,Exclude the row from ingestion
decision,defer,Defer the row
decision,revise,Revise and resubmit the row
decision,needs_source,Obtain more source evidence
