"country_code","boundary_set_id","boundary_level","area_unit_id","area_code","area_name","year","population_total","population_total_basis","religious_affiliation_count","religious_affiliation_percent","no_religion_count","no_religion_percent","place_count","places_per_10000_residents","place_density_per_sq_km","land_area_sq_km","site_snapshot_date","place_count_basis","source_dataset_ids","quality_flag","mass_attendance_monthly_or_more_percent","mass_attendance_weekly_or_more_percent"
"ES","es-ccaa-cis-3505","autonomous_community","es-ccaa-cis-3505:01","01","Andalucía",2025,,"CIS Barómetro Abril 2025 (Estudio 3505), CATI, fieldwork April 2025; autonomous-community estimation weight PESOCCAA. Mass-attendance asked subset (self-defined Catholic or believer of another religion) n=422 of community realised n=671. Survey estimates as weighted percentages with 95% intervals, no counts published.",,,,,,,,87552.3442,,,"cis-3505-barometro-abril-2025-microdatos|geoboundaries-esp-adm1-cc-by-4-0","survey_construct_cis_barometro_estudio_3505_abril_2025;own_datanoun_survey_never_blended_with_census_affiliation_spain_census_has_no_religion_question;weighted_estimates_pesoccaa_per_community_weight;no_counts_shipped;design_2020_onward_cati_min_100_interviews_per_community_pesoccaa_weight;uncertainty_95pct_wald_on_kish_effective_n;ficha_published_community_maxerror_carried;small_cell_wash_denominator_unweighted_survey_respondent_n_pi_ruling_2026_07_12;ccaa_code_01_Andalucia;construct_mass_attendance_p28a;base=self_defined_catholic_or_other_believer_practicarelig6_ne_0;data_only_not_wired_to_map;overview_and_popup_context;mass_attendance_base_n=422;mass_attendance_neff=337.7;monthly_or_more_pct=32.7_ci95=27.7-37.7;weekly_or_more_pct=20.1_ci95=15.8-24.3;ficha_community_maxerror_pct=3.9;licence_open_datos_gob_es_federation_grant_with_cis_citation",32.7,20.1
"ES","es-ccaa-cis-3505","autonomous_community","es-ccaa-cis-3505:02","02","Aragón",2025,,"CIS Barómetro Abril 2025 (Estudio 3505), CATI, fieldwork April 2025; autonomous-community estimation weight PESOCCAA. Mass-attendance asked subset (self-defined Catholic or believer of another religion) n=49 of community realised n=98. Survey estimates as weighted percentages with 95% intervals, no counts published.",,,,,,,,47654.0582,,,"cis-3505-barometro-abril-2025-microdatos|geoboundaries-esp-adm1-cc-by-4-0","survey_construct_cis_barometro_estudio_3505_abril_2025;own_datanoun_survey_never_blended_with_census_affiliation_spain_census_has_no_religion_question;weighted_estimates_pesoccaa_per_community_weight;no_counts_shipped;design_2020_onward_cati_min_100_interviews_per_community_pesoccaa_weight;uncertainty_95pct_wald_on_kish_effective_n;ficha_published_community_maxerror_carried;small_cell_wash_denominator_unweighted_survey_respondent_n_pi_ruling_2026_07_12;ccaa_code_02_Aragon;construct_mass_attendance_p28a;base=self_defined_catholic_or_other_believer_practicarelig6_ne_0;data_only_not_wired_to_map;overview_and_popup_context;mass_attendance_base_n=49;mass_attendance_neff=36.6;monthly_or_more_pct=30.2_ci95=15.4-45.1;weekly_or_more_pct=21.7_ci95=8.4-35;ficha_community_maxerror_pct=10.1;small_denominator_under_100:mass_attendance_base_n=49;small_cell_under_10:mass_attendance:weekly_or_more_n=8;licence_open_datos_gob_es_federation_grant_with_cis_citation",30.2,21.7
"ES","es-ccaa-cis-3505","autonomous_community","es-ccaa-cis-3505:03","03","Asturias (Principado de)",2025,,"CIS Barómetro Abril 2025 (Estudio 3505), CATI, fieldwork April 2025; autonomous-community estimation weight PESOCCAA. Mass-attendance asked subset (self-defined Catholic or believer of another religion) n=50 of community realised n=95. Survey estimates as weighted percentages with 95% intervals, no counts published.",,,,,,,,10583.9822,,,"cis-3505-barometro-abril-2025-microdatos|geoboundaries-esp-adm1-cc-by-4-0","survey_construct_cis_barometro_estudio_3505_abril_2025;own_datanoun_survey_never_blended_with_census_affiliation_spain_census_has_no_religion_question;weighted_estimates_pesoccaa_per_community_weight;no_counts_shipped;design_2020_onward_cati_min_100_interviews_per_community_pesoccaa_weight;uncertainty_95pct_wald_on_kish_effective_n;ficha_published_community_maxerror_carried;small_cell_wash_denominator_unweighted_survey_respondent_n_pi_ruling_2026_07_12;ccaa_code_03_Asturias_Principado_de_;construct_mass_attendance_p28a;base=self_defined_catholic_or_other_believer_practicarelig6_ne_0;data_only_not_wired_to_map;overview_and_popup_context;mass_attendance_base_n=50;mass_attendance_neff=37.4;monthly_or_more_pct=25.2_ci95=11.2-39.1;weekly_or_more_pct=7.8_ci95=0-16.5;ficha_community_maxerror_pct=10.2;small_denominator_under_100:mass_attendance_base_n=50;small_cell_under_10:mass_attendance:weekly_or_more_n=4;licence_open_datos_gob_es_federation_grant_with_cis_citation",25.2,7.8
"ES","es-ccaa-cis-3505","autonomous_community","es-ccaa-cis-3505:04","04","Balears (Illes)",2025,,"CIS Barómetro Abril 2025 (Estudio 3505), CATI, fieldwork April 2025; autonomous-community estimation weight PESOCCAA. Mass-attendance asked subset (self-defined Catholic or believer of another religion) n=49 of community realised n=102. Survey estimates as weighted percentages with 95% intervals, no counts published.",,,,,,,,4985.3164,,,"cis-3505-barometro-abril-2025-microdatos|geoboundaries-esp-adm1-cc-by-4-0","survey_construct_cis_barometro_estudio_3505_abril_2025;own_datanoun_survey_never_blended_with_census_affiliation_spain_census_has_no_religion_question;weighted_estimates_pesoccaa_per_community_weight;no_counts_shipped;design_2020_onward_cati_min_100_interviews_per_community_pesoccaa_weight;uncertainty_95pct_wald_on_kish_effective_n;ficha_published_community_maxerror_carried;small_cell_wash_denominator_unweighted_survey_respondent_n_pi_ruling_2026_07_12;ccaa_code_04_Balears_Illes_;construct_mass_attendance_p28a;base=self_defined_catholic_or_other_believer_practicarelig6_ne_0;data_only_not_wired_to_map;overview_and_popup_context;mass_attendance_base_n=49;mass_attendance_neff=46.1;monthly_or_more_pct=31.7_ci95=18.2-45.1;weekly_or_more_pct=21.1_ci95=9.3-32.9;ficha_community_maxerror_pct=9.9;small_denominator_under_100:mass_attendance_base_n=49;licence_open_datos_gob_es_federation_grant_with_cis_citation",31.7,21.1
"ES","es-ccaa-cis-3505","autonomous_community","es-ccaa-cis-3505:05","05","Canarias",2025,,"CIS Barómetro Abril 2025 (Estudio 3505), CATI, fieldwork April 2025; autonomous-community estimation weight PESOCCAA. Mass-attendance asked subset (self-defined Catholic or believer of another religion) n=87 of community realised n=171. Survey estimates as weighted percentages with 95% intervals, no counts published.",,,,,,,,7454.8425,,,"cis-3505-barometro-abril-2025-microdatos|geoboundaries-esp-adm1-cc-by-4-0","survey_construct_cis_barometro_estudio_3505_abril_2025;own_datanoun_survey_never_blended_with_census_affiliation_spain_census_has_no_religion_question;weighted_estimates_pesoccaa_per_community_weight;no_counts_shipped;design_2020_onward_cati_min_100_interviews_per_community_pesoccaa_weight;uncertainty_95pct_wald_on_kish_effective_n;ficha_published_community_maxerror_carried;small_cell_wash_denominator_unweighted_survey_respondent_n_pi_ruling_2026_07_12;ccaa_code_05_Canarias;construct_mass_attendance_p28a;base=self_defined_catholic_or_other_believer_practicarelig6_ne_0;data_only_not_wired_to_map;overview_and_popup_context;mass_attendance_base_n=87;mass_attendance_neff=66.7;monthly_or_more_pct=23.6_ci95=13.4-33.7;weekly_or_more_pct=12.9_ci95=4.8-20.9;ficha_community_maxerror_pct=7.6;small_denominator_under_100:mass_attendance_base_n=87;licence_open_datos_gob_es_federation_grant_with_cis_citation",23.6,12.9
"ES","es-ccaa-cis-3505","autonomous_community","es-ccaa-cis-3505:06","06","Cantabria",2025,,"CIS Barómetro Abril 2025 (Estudio 3505), CATI, fieldwork April 2025; autonomous-community estimation weight PESOCCAA. Mass-attendance asked subset (self-defined Catholic or believer of another religion) n=59 of community realised n=109. Survey estimates as weighted percentages with 95% intervals, no counts published.",,,,,,,,5319.8301,,,"cis-3505-barometro-abril-2025-microdatos|geoboundaries-esp-adm1-cc-by-4-0","survey_construct_cis_barometro_estudio_3505_abril_2025;own_datanoun_survey_never_blended_with_census_affiliation_spain_census_has_no_religion_question;weighted_estimates_pesoccaa_per_community_weight;no_counts_shipped;design_2020_onward_cati_min_100_interviews_per_community_pesoccaa_weight;uncertainty_95pct_wald_on_kish_effective_n;ficha_published_community_maxerror_carried;small_cell_wash_denominator_unweighted_survey_respondent_n_pi_ruling_2026_07_12;ccaa_code_06_Cantabria;construct_mass_attendance_p28a;base=self_defined_catholic_or_other_believer_practicarelig6_ne_0;data_only_not_wired_to_map;overview_and_popup_context;mass_attendance_base_n=59;mass_attendance_neff=54.5;monthly_or_more_pct=26.9_ci95=15.2-38.7;weekly_or_more_pct=16.6_ci95=6.7-26.5;ficha_community_maxerror_pct=9.6;small_denominator_under_100:mass_attendance_base_n=59;licence_open_datos_gob_es_federation_grant_with_cis_citation",26.9,16.6
"ES","es-ccaa-cis-3505","autonomous_community","es-ccaa-cis-3505:07","07","Castilla-La Mancha",2025,,"CIS Barómetro Abril 2025 (Estudio 3505), CATI, fieldwork April 2025; autonomous-community estimation weight PESOCCAA. Mass-attendance asked subset (self-defined Catholic or believer of another religion) n=101 of community realised n=162. Survey estimates as weighted percentages with 95% intervals, no counts published.",,,,,,,,79382.1134,,,"cis-3505-barometro-abril-2025-microdatos|geoboundaries-esp-adm1-cc-by-4-0","survey_construct_cis_barometro_estudio_3505_abril_2025;own_datanoun_survey_never_blended_with_census_affiliation_spain_census_has_no_religion_question;weighted_estimates_pesoccaa_per_community_weight;no_counts_shipped;design_2020_onward_cati_min_100_interviews_per_community_pesoccaa_weight;uncertainty_95pct_wald_on_kish_effective_n;ficha_published_community_maxerror_carried;small_cell_wash_denominator_unweighted_survey_respondent_n_pi_ruling_2026_07_12;ccaa_code_07_Castilla_La_Mancha;construct_mass_attendance_p28a;base=self_defined_catholic_or_other_believer_practicarelig6_ne_0;data_only_not_wired_to_map;overview_and_popup_context;mass_attendance_base_n=101;mass_attendance_neff=88.4;monthly_or_more_pct=33_ci95=23.2-42.8;weekly_or_more_pct=26.4_ci95=17.2-35.6;ficha_community_maxerror_pct=7.9;licence_open_datos_gob_es_federation_grant_with_cis_citation",33,26.4
"ES","es-ccaa-cis-3505","autonomous_community","es-ccaa-cis-3505:08","08","Castilla y León",2025,,"CIS Barómetro Abril 2025 (Estudio 3505), CATI, fieldwork April 2025; autonomous-community estimation weight PESOCCAA. Mass-attendance asked subset (self-defined Catholic or believer of another religion) n=127 of community realised n=202. Survey estimates as weighted percentages with 95% intervals, no counts published.",,,,,,,,94085.3464,,,"cis-3505-barometro-abril-2025-microdatos|geoboundaries-esp-adm1-cc-by-4-0","survey_construct_cis_barometro_estudio_3505_abril_2025;own_datanoun_survey_never_blended_with_census_affiliation_spain_census_has_no_religion_question;weighted_estimates_pesoccaa_per_community_weight;no_counts_shipped;design_2020_onward_cati_min_100_interviews_per_community_pesoccaa_weight;uncertainty_95pct_wald_on_kish_effective_n;ficha_published_community_maxerror_carried;small_cell_wash_denominator_unweighted_survey_respondent_n_pi_ruling_2026_07_12;ccaa_code_08_Castilla_y_Leon;construct_mass_attendance_p28a;base=self_defined_catholic_or_other_believer_practicarelig6_ne_0;data_only_not_wired_to_map;overview_and_popup_context;mass_attendance_base_n=127;mass_attendance_neff=96.1;monthly_or_more_pct=30.4_ci95=21.2-39.6;weekly_or_more_pct=26.3_ci95=17.5-35.1;ficha_community_maxerror_pct=7;licence_open_datos_gob_es_federation_grant_with_cis_citation",30.4,26.3
"ES","es-ccaa-cis-3505","autonomous_community","es-ccaa-cis-3505:09","09","Cataluña",2025,,"CIS Barómetro Abril 2025 (Estudio 3505), CATI, fieldwork April 2025; autonomous-community estimation weight PESOCCAA. Mass-attendance asked subset (self-defined Catholic or believer of another religion) n=252 of community realised n=573. Survey estimates as weighted percentages with 95% intervals, no counts published.",,,,,,,,32067.242,,,"cis-3505-barometro-abril-2025-microdatos|geoboundaries-esp-adm1-cc-by-4-0","survey_construct_cis_barometro_estudio_3505_abril_2025;own_datanoun_survey_never_blended_with_census_affiliation_spain_census_has_no_religion_question;weighted_estimates_pesoccaa_per_community_weight;no_counts_shipped;design_2020_onward_cati_min_100_interviews_per_community_pesoccaa_weight;uncertainty_95pct_wald_on_kish_effective_n;ficha_published_community_maxerror_carried;small_cell_wash_denominator_unweighted_survey_respondent_n_pi_ruling_2026_07_12;ccaa_code_09_Cataluna;construct_mass_attendance_p28a;base=self_defined_catholic_or_other_believer_practicarelig6_ne_0;data_only_not_wired_to_map;overview_and_popup_context;mass_attendance_base_n=252;mass_attendance_neff=214.7;monthly_or_more_pct=22.9_ci95=17.3-28.5;weekly_or_more_pct=17.2_ci95=12.2-22.3;ficha_community_maxerror_pct=4.2;licence_open_datos_gob_es_federation_grant_with_cis_citation",22.9,17.2
"ES","es-ccaa-cis-3505","autonomous_community","es-ccaa-cis-3505:10","10","Comunitat Valenciana",2025,,"CIS Barómetro Abril 2025 (Estudio 3505), CATI, fieldwork April 2025; autonomous-community estimation weight PESOCCAA. Mass-attendance asked subset (self-defined Catholic or believer of another religion) n=206 of community realised n=407. Survey estimates as weighted percentages with 95% intervals, no counts published.",,,,,,,,23240.1236,,,"cis-3505-barometro-abril-2025-microdatos|geoboundaries-esp-adm1-cc-by-4-0","survey_construct_cis_barometro_estudio_3505_abril_2025;own_datanoun_survey_never_blended_with_census_affiliation_spain_census_has_no_religion_question;weighted_estimates_pesoccaa_per_community_weight;no_counts_shipped;design_2020_onward_cati_min_100_interviews_per_community_pesoccaa_weight;uncertainty_95pct_wald_on_kish_effective_n;ficha_published_community_maxerror_carried;small_cell_wash_denominator_unweighted_survey_respondent_n_pi_ruling_2026_07_12;ccaa_code_10_Comunitat_Valenciana;construct_mass_attendance_p28a;base=self_defined_catholic_or_other_believer_practicarelig6_ne_0;data_only_not_wired_to_map;overview_and_popup_context;mass_attendance_base_n=206;mass_attendance_neff=185;monthly_or_more_pct=25.1_ci95=18.9-31.4;weekly_or_more_pct=15.6_ci95=10.4-20.9;ficha_community_maxerror_pct=5;licence_open_datos_gob_es_federation_grant_with_cis_citation",25.1,15.6
"ES","es-ccaa-cis-3505","autonomous_community","es-ccaa-cis-3505:11","11","Extremadura",2025,,"CIS Barómetro Abril 2025 (Estudio 3505), CATI, fieldwork April 2025; autonomous-community estimation weight PESOCCAA. Mass-attendance asked subset (self-defined Catholic or believer of another religion) n=79 of community realised n=108. Survey estimates as weighted percentages with 95% intervals, no counts published.",,,,,,,,41597.4595,,,"cis-3505-barometro-abril-2025-microdatos|geoboundaries-esp-adm1-cc-by-4-0","survey_construct_cis_barometro_estudio_3505_abril_2025;own_datanoun_survey_never_blended_with_census_affiliation_spain_census_has_no_religion_question;weighted_estimates_pesoccaa_per_community_weight;no_counts_shipped;design_2020_onward_cati_min_100_interviews_per_community_pesoccaa_weight;uncertainty_95pct_wald_on_kish_effective_n;ficha_published_community_maxerror_carried;small_cell_wash_denominator_unweighted_survey_respondent_n_pi_ruling_2026_07_12;ccaa_code_11_Extremadura;construct_mass_attendance_p28a;base=self_defined_catholic_or_other_believer_practicarelig6_ne_0;data_only_not_wired_to_map;overview_and_popup_context;mass_attendance_base_n=79;mass_attendance_neff=58.1;monthly_or_more_pct=40.4_ci95=27.8-53;weekly_or_more_pct=25.5_ci95=14.3-36.7;ficha_community_maxerror_pct=9.6;small_denominator_under_100:mass_attendance_base_n=79;licence_open_datos_gob_es_federation_grant_with_cis_citation",40.4,25.5
"ES","es-ccaa-cis-3505","autonomous_community","es-ccaa-cis-3505:12","12","Galicia",2025,,"CIS Barómetro Abril 2025 (Estudio 3505), CATI, fieldwork April 2025; autonomous-community estimation weight PESOCCAA. Mass-attendance asked subset (self-defined Catholic or believer of another religion) n=124 of community realised n=237. Survey estimates as weighted percentages with 95% intervals, no counts published.",,,,,,,,29536.4571,,,"cis-3505-barometro-abril-2025-microdatos|geoboundaries-esp-adm1-cc-by-4-0","survey_construct_cis_barometro_estudio_3505_abril_2025;own_datanoun_survey_never_blended_with_census_affiliation_spain_census_has_no_religion_question;weighted_estimates_pesoccaa_per_community_weight;no_counts_shipped;design_2020_onward_cati_min_100_interviews_per_community_pesoccaa_weight;uncertainty_95pct_wald_on_kish_effective_n;ficha_published_community_maxerror_carried;small_cell_wash_denominator_unweighted_survey_respondent_n_pi_ruling_2026_07_12;ccaa_code_12_Galicia;construct_mass_attendance_p28a;base=self_defined_catholic_or_other_believer_practicarelig6_ne_0;data_only_not_wired_to_map;overview_and_popup_context;mass_attendance_base_n=124;mass_attendance_neff=61.1;monthly_or_more_pct=19.9_ci95=9.9-29.9;weekly_or_more_pct=17.2_ci95=7.8-26.7;ficha_community_maxerror_pct=6.5;licence_open_datos_gob_es_federation_grant_with_cis_citation",19.9,17.2
"ES","es-ccaa-cis-3505","autonomous_community","es-ccaa-cis-3505:13","13","Madrid (Comunidad de)",2025,,"CIS Barómetro Abril 2025 (Estudio 3505), CATI, fieldwork April 2025; autonomous-community estimation weight PESOCCAA. Mass-attendance asked subset (self-defined Catholic or believer of another religion) n=287 of community realised n=543. Survey estimates as weighted percentages with 95% intervals, no counts published.",,,,,,,,8021.5182,,,"cis-3505-barometro-abril-2025-microdatos|geoboundaries-esp-adm1-cc-by-4-0","survey_construct_cis_barometro_estudio_3505_abril_2025;own_datanoun_survey_never_blended_with_census_affiliation_spain_census_has_no_religion_question;weighted_estimates_pesoccaa_per_community_weight;no_counts_shipped;design_2020_onward_cati_min_100_interviews_per_community_pesoccaa_weight;uncertainty_95pct_wald_on_kish_effective_n;ficha_published_community_maxerror_carried;small_cell_wash_denominator_unweighted_survey_respondent_n_pi_ruling_2026_07_12;ccaa_code_13_Madrid_Comunidad_de_;construct_mass_attendance_p28a;base=self_defined_catholic_or_other_believer_practicarelig6_ne_0;data_only_not_wired_to_map;overview_and_popup_context;mass_attendance_base_n=287;mass_attendance_neff=256.3;monthly_or_more_pct=38.3_ci95=32.4-44.3;weekly_or_more_pct=26.2_ci95=20.8-31.6;ficha_community_maxerror_pct=4.3;licence_open_datos_gob_es_federation_grant_with_cis_citation",38.3,26.2
"ES","es-ccaa-cis-3505","autonomous_community","es-ccaa-cis-3505:14","14","Murcia (Región de)",2025,,"CIS Barómetro Abril 2025 (Estudio 3505), CATI, fieldwork April 2025; autonomous-community estimation weight PESOCCAA. Mass-attendance asked subset (self-defined Catholic or believer of another religion) n=72 of community realised n=117. Survey estimates as weighted percentages with 95% intervals, no counts published.",,,,,,,,11310.0626,,,"cis-3505-barometro-abril-2025-microdatos|geoboundaries-esp-adm1-cc-by-4-0","survey_construct_cis_barometro_estudio_3505_abril_2025;own_datanoun_survey_never_blended_with_census_affiliation_spain_census_has_no_religion_question;weighted_estimates_pesoccaa_per_community_weight;no_counts_shipped;design_2020_onward_cati_min_100_interviews_per_community_pesoccaa_weight;uncertainty_95pct_wald_on_kish_effective_n;ficha_published_community_maxerror_carried;small_cell_wash_denominator_unweighted_survey_respondent_n_pi_ruling_2026_07_12;ccaa_code_14_Murcia_Region_de_;construct_mass_attendance_p28a;base=self_defined_catholic_or_other_believer_practicarelig6_ne_0;data_only_not_wired_to_map;overview_and_popup_context;mass_attendance_base_n=72;mass_attendance_neff=66.5;monthly_or_more_pct=36.6_ci95=25-48.2;weekly_or_more_pct=29.3_ci95=18.4-40.2;ficha_community_maxerror_pct=9.2;small_denominator_under_100:mass_attendance_base_n=72;licence_open_datos_gob_es_federation_grant_with_cis_citation",36.6,29.3
"ES","es-ccaa-cis-3505","autonomous_community","es-ccaa-cis-3505:15","15","Navarra (Comunidad Foral de)",2025,,"CIS Barómetro Abril 2025 (Estudio 3505), CATI, fieldwork April 2025; autonomous-community estimation weight PESOCCAA. Mass-attendance asked subset (self-defined Catholic or believer of another religion) n=55 of community realised n=108. Survey estimates as weighted percentages with 95% intervals, no counts published.",,,,,,,,10373.5812,,,"cis-3505-barometro-abril-2025-microdatos|geoboundaries-esp-adm1-cc-by-4-0","survey_construct_cis_barometro_estudio_3505_abril_2025;own_datanoun_survey_never_blended_with_census_affiliation_spain_census_has_no_religion_question;weighted_estimates_pesoccaa_per_community_weight;no_counts_shipped;design_2020_onward_cati_min_100_interviews_per_community_pesoccaa_weight;uncertainty_95pct_wald_on_kish_effective_n;ficha_published_community_maxerror_carried;small_cell_wash_denominator_unweighted_survey_respondent_n_pi_ruling_2026_07_12;ccaa_code_15_Navarra_Comunidad_Foral_de_;construct_mass_attendance_p28a;base=self_defined_catholic_or_other_believer_practicarelig6_ne_0;data_only_not_wired_to_map;overview_and_popup_context;mass_attendance_base_n=55;mass_attendance_neff=51.9;monthly_or_more_pct=35.4_ci95=22.4-48.5;weekly_or_more_pct=22.3_ci95=10.9-33.6;ficha_community_maxerror_pct=9.6;small_denominator_under_100:mass_attendance_base_n=55;licence_open_datos_gob_es_federation_grant_with_cis_citation",35.4,22.3
"ES","es-ccaa-cis-3505","autonomous_community","es-ccaa-cis-3505:16","16","País Vasco",2025,,"CIS Barómetro Abril 2025 (Estudio 3505), CATI, fieldwork April 2025; autonomous-community estimation weight PESOCCAA. Mass-attendance asked subset (self-defined Catholic or believer of another religion) n=85 of community realised n=178. Survey estimates as weighted percentages with 95% intervals, no counts published.",,,,,,,,7221.92,,,"cis-3505-barometro-abril-2025-microdatos|geoboundaries-esp-adm1-cc-by-4-0","survey_construct_cis_barometro_estudio_3505_abril_2025;own_datanoun_survey_never_blended_with_census_affiliation_spain_census_has_no_religion_question;weighted_estimates_pesoccaa_per_community_weight;no_counts_shipped;design_2020_onward_cati_min_100_interviews_per_community_pesoccaa_weight;uncertainty_95pct_wald_on_kish_effective_n;ficha_published_community_maxerror_carried;small_cell_wash_denominator_unweighted_survey_respondent_n_pi_ruling_2026_07_12;ccaa_code_16_Pais_Vasco;construct_mass_attendance_p28a;base=self_defined_catholic_or_other_believer_practicarelig6_ne_0;data_only_not_wired_to_map;overview_and_popup_context;mass_attendance_base_n=85;mass_attendance_neff=79.3;monthly_or_more_pct=25_ci95=15.5-34.5;weekly_or_more_pct=12.7_ci95=5.4-20;ficha_community_maxerror_pct=7.5;small_denominator_under_100:mass_attendance_base_n=85;licence_open_datos_gob_es_federation_grant_with_cis_citation",25,12.7
"ES","es-ccaa-cis-3505","autonomous_community","es-ccaa-cis-3505:17","17","Rioja (La)",2025,,"CIS Barómetro Abril 2025 (Estudio 3505), CATI, fieldwork April 2025; autonomous-community estimation weight PESOCCAA. Mass-attendance asked subset (self-defined Catholic or believer of another religion) n=47 of community realised n=89. Survey estimates as weighted percentages with 95% intervals, no counts published.",,,,,,,,5036.8275,,,"cis-3505-barometro-abril-2025-microdatos|geoboundaries-esp-adm1-cc-by-4-0","survey_construct_cis_barometro_estudio_3505_abril_2025;own_datanoun_survey_never_blended_with_census_affiliation_spain_census_has_no_religion_question;weighted_estimates_pesoccaa_per_community_weight;no_counts_shipped;design_2020_onward_cati_min_100_interviews_per_community_pesoccaa_weight;uncertainty_95pct_wald_on_kish_effective_n;ficha_published_community_maxerror_carried;small_cell_wash_denominator_unweighted_survey_respondent_n_pi_ruling_2026_07_12;ccaa_code_17_Rioja_La_;construct_mass_attendance_p28a;base=self_defined_catholic_or_other_believer_practicarelig6_ne_0;data_only_not_wired_to_map;overview_and_popup_context;mass_attendance_base_n=47;mass_attendance_neff=35.6;monthly_or_more_pct=42.9_ci95=26.7-59.2;weekly_or_more_pct=33.9_ci95=18.4-49.5;ficha_community_maxerror_pct=10.6;small_denominator_under_100:mass_attendance_base_n=47;licence_open_datos_gob_es_federation_grant_with_cis_citation",42.9,33.9
"ES","es-ccaa-cis-3505","autonomous_community","es-ccaa-cis-3505:18","18","Ceuta (Ciudad Autónoma de)",2025,,"CIS Barómetro Abril 2025 (Estudio 3505), CATI, fieldwork April 2025; autonomous-community estimation weight PESOCCAA. Mass-attendance asked subset (self-defined Catholic or believer of another religion) n=14 of community realised n=19. Survey estimates as weighted percentages with 95% intervals, no counts published.",,,,,,,,19.9936,,,"cis-3505-barometro-abril-2025-microdatos|geoboundaries-esp-adm1-cc-by-4-0","survey_construct_cis_barometro_estudio_3505_abril_2025;own_datanoun_survey_never_blended_with_census_affiliation_spain_census_has_no_religion_question;weighted_estimates_pesoccaa_per_community_weight;no_counts_shipped;design_2020_onward_cati_min_100_interviews_per_community_pesoccaa_weight;uncertainty_95pct_wald_on_kish_effective_n;ficha_published_community_maxerror_carried;small_cell_wash_denominator_unweighted_survey_respondent_n_pi_ruling_2026_07_12;ccaa_code_18_Ceuta_Ciudad_Autonoma_de_;construct_mass_attendance_p28a;base=self_defined_catholic_or_other_believer_practicarelig6_ne_0;data_only_not_wired_to_map;overview_and_popup_context;mass_attendance_base_n=14;mass_attendance_neff=13.6;monthly_or_more_pct=36.3_ci95=10.7-61.8;weekly_or_more_pct=21.2_ci95=0-43;ficha_community_maxerror_pct=22.9;small_denominator_under_100:mass_attendance_base_n=14;small_cell_under_10:mass_attendance:monthly_or_more_n=5;small_cell_under_10:mass_attendance:weekly_or_more_n=3;licence_open_datos_gob_es_federation_grant_with_cis_citation",36.3,21.2
"ES","es-ccaa-cis-3505","autonomous_community","es-ccaa-cis-3505:19","19","Melilla (Ciudad Autónoma de)",2025,,"CIS Barómetro Abril 2025 (Estudio 3505), CATI, fieldwork April 2025; autonomous-community estimation weight PESOCCAA. Mass-attendance asked subset (self-defined Catholic or believer of another religion) n=14 of community realised n=19. Survey estimates as weighted percentages with 95% intervals, no counts published.",,,,,,,,14.2151,,,"cis-3505-barometro-abril-2025-microdatos|geoboundaries-esp-adm1-cc-by-4-0","survey_construct_cis_barometro_estudio_3505_abril_2025;own_datanoun_survey_never_blended_with_census_affiliation_spain_census_has_no_religion_question;weighted_estimates_pesoccaa_per_community_weight;no_counts_shipped;design_2020_onward_cati_min_100_interviews_per_community_pesoccaa_weight;uncertainty_95pct_wald_on_kish_effective_n;ficha_published_community_maxerror_carried;small_cell_wash_denominator_unweighted_survey_respondent_n_pi_ruling_2026_07_12;ccaa_code_19_Melilla_Ciudad_Autonoma_de_;construct_mass_attendance_p28a;base=self_defined_catholic_or_other_believer_practicarelig6_ne_0;data_only_not_wired_to_map;overview_and_popup_context;mass_attendance_base_n=14;mass_attendance_neff=13.9;monthly_or_more_pct=42.3_ci95=16.3-68.2;weekly_or_more_pct=22.2_ci95=0.3-44;ficha_community_maxerror_pct=22.9;small_denominator_under_100:mass_attendance_base_n=14;small_cell_under_10:mass_attendance:monthly_or_more_n=6;small_cell_under_10:mass_attendance:weekly_or_more_n=3;licence_open_datos_gob_es_federation_grant_with_cis_citation",42.3,22.2
